٢٠٢٦-٠٤-١٢T٢١:٢٢:٢٦.٤٩٠-0700 [DEBUG] [org.gradle.launcher.daemon.bootstrap.DaemonMain] Assuming the daemon was started with following jvm opts: [-XX:MaxMetaspaceSize=512m, -Xmx2048m, -Dfile.encoding=windows-1252, -Duser.country=SA, -Duser.language=ar, -Duser.variant]
٢٠٢٦-٠٤-١٢T٢١:٢٢:٢٦.٦٥٩-0700 [DEBUG] [org.gradle.internal.remote.internal.inet.InetAddresses] Adding IP addresses for network interface Software Loopback Interface 1
٢٠٢٦-٠٤-١٢T٢١:٢٢:٢٦.٦٦٢-0700 [DEBUG] [org.gradle.internal.remote.internal.inet.InetAddresses] Is this a loopback interface? true
٢٠٢٦-٠٤-١٢T٢١:٢٢:٢٦.٦٦٣-0700 [DEBUG] [org.gradle.internal.remote.internal.inet.InetAddresses] Adding loopback address /127.0.0.1
٢٠٢٦-٠٤-١٢T٢١:٢٢:٢٦.٦٦٤-0700 [DEBUG] [org.gradle.internal.remote.internal.inet.InetAddresses] Adding loopback address /0:0:0:0:0:0:0:1
٢٠٢٦-٠٤-١٢T٢١:٢٢:٢٦.٦٦٥-0700 [DEBUG] [org.gradle.internal.remote.internal.inet.InetAddresses] Adding IP addresses for network interface Microsoft Wi-Fi Direct Virtual Adapter
٢٠٢٦-٠٤-١٢T٢١:٢٢:٢٦.٦٦٧-0700 [DEBUG] [org.gradle.internal.remote.internal.inet.InetAddresses] Is this a loopback interface? false
٢٠٢٦-٠٤-١٢T٢١:٢٢:٢٦.٦٦٨-0700 [DEBUG] [org.gradle.internal.remote.internal.inet.InetAddresses] Adding remote address /fe80:0:0:0:48f:e6c6:feec:ec10%wlan0
٢٠٢٦-٠٤-١٢T٢١:٢٢:٢٦.٦٦٨-0700 [DEBUG] [org.gradle.internal.remote.internal.inet.InetAddresses] Adding IP addresses for network interface Microsoft 6to4 Adapter
٢٠٢٦-٠٤-١٢T٢١:٢٢:٢٦.٦٧١-0700 [DEBUG] [org.gradle.internal.remote.internal.inet.InetAddresses] Is this a loopback interface? false
٢٠٢٦-٠٤-١٢T٢١:٢٢:٢٦.٦٧٢-0700 [DEBUG] [org.gradle.internal.remote.internal.inet.InetAddresses] Adding IP addresses for network interface WAN Miniport (Network Monitor)
٢٠٢٦-٠٤-١٢T٢١:٢٢:٢٦.٦٧٤-0700 [DEBUG] [org.gradle.internal.remote.internal.inet.InetAddresses] Is this a loopback interface? false
٢٠٢٦-٠٤-١٢T٢١:٢٢:٢٦.٦٧٤-0700 [DEBUG] [org.gradle.internal.remote.internal.inet.InetAddresses] Adding IP addresses for network interface Dell Wireless 1601 802.11 a/g/n Adapter #2
٢٠٢٦-٠٤-١٢T٢١:٢٢:٢٦.٦٧٦-0700 [DEBUG] [org.gradle.internal.remote.internal.inet.InetAddresses] Is this a loopback interface? false
٢٠٢٦-٠٤-١٢T٢١:٢٢:٢٦.٦٧٧-0700 [DEBUG] [org.gradle.internal.remote.internal.inet.InetAddresses] Adding IP addresses for network interface Bluetooth Device (Personal Area Network)
٢٠٢٦-٠٤-١٢T٢١:٢٢:٢٦.٦٧٩-0700 [DEBUG] [org.gradle.internal.remote.internal.inet.InetAddresses] Is this a loopback interface? false
٢٠٢٦-٠٤-١٢T٢١:٢٢:٢٦.٦٧٩-0700 [DEBUG] [org.gradle.internal.remote.internal.inet.InetAddresses] Adding remote address /fe80:0:0:0:eadb:3d62:72a:832f%eth1
٢٠٢٦-٠٤-١٢T٢١:٢٢:٢٦.٦٧٩-0700 [DEBUG] [org.gradle.internal.remote.internal.inet.InetAddresses] Adding IP addresses for network interface WAN Miniport (PPTP)
٢٠٢٦-٠٤-١٢T٢١:٢٢:٢٦.٦٨٢-0700 [DEBUG] [org.gradle.internal.remote.internal.inet.InetAddresses] Is this a loopback interface? false
٢٠٢٦-٠٤-١٢T٢١:٢٢:٢٦.٦٨٢-0700 [DEBUG] [org.gradle.internal.remote.internal.inet.InetAddresses] Adding IP addresses for network interface WAN Miniport (IP)
٢٠٢٦-٠٤-١٢T٢١:٢٢:٢٦.٦٨٤-0700 [DEBUG] [org.gradle.internal.remote.internal.inet.InetAddresses] Is this a loopback interface? false
٢٠٢٦-٠٤-١٢T٢١:٢٢:٢٦.٦٨٥-0700 [DEBUG] [org.gradle.internal.remote.internal.inet.InetAddresses] Adding IP addresses for network interface Microsoft IP-HTTPS Platform Adapter
٢٠٢٦-٠٤-١٢T٢١:٢٢:٢٦.٦٨٧-0700 [DEBUG] [org.gradle.internal.remote.internal.inet.InetAddresses] Is this a loopback interface? false
٢٠٢٦-٠٤-١٢T٢١:٢٢:٢٦.٦٨٧-0700 [DEBUG] [org.gradle.internal.remote.internal.inet.InetAddresses] Adding IP addresses for network interface Microsoft Wi-Fi Direct Virtual Adapter #4
٢٠٢٦-٠٤-١٢T٢١:٢٢:٢٦.٦٨٩-0700 [DEBUG] [org.gradle.internal.remote.internal.inet.InetAddresses] Is this a loopback interface? false
٢٠٢٦-٠٤-١٢T٢١:٢٢:٢٦.٦٨٩-0700 [DEBUG] [org.gradle.internal.remote.internal.inet.InetAddresses] Adding IP addresses for network interface WAN Miniport (IKEv2)
٢٠٢٦-٠٤-١٢T٢١:٢٢:٢٦.٦٩٢-0700 [DEBUG] [org.gradle.internal.remote.internal.inet.InetAddresses] Is this a loopback interface? false
٢٠٢٦-٠٤-١٢T٢١:٢٢:٢٦.٦٩٢-0700 [DEBUG] [org.gradle.internal.remote.internal.inet.InetAddresses] Adding IP addresses for network interface WAN Miniport (IPv6)
٢٠٢٦-٠٤-١٢T٢١:٢٢:٢٦.٦٩٤-0700 [DEBUG] [org.gradle.internal.remote.internal.inet.InetAddresses] Is this a loopback interface? false
٢٠٢٦-٠٤-١٢T٢١:٢٢:٢٦.٦٩٤-0700 [DEBUG] [org.gradle.internal.remote.internal.inet.InetAddresses] Adding IP addresses for network interface WAN Miniport (PPPOE)
٢٠٢٦-٠٤-١٢T٢١:٢٢:٢٦.٦٩٧-0700 [DEBUG] [org.gradle.internal.remote.internal.inet.InetAddresses] Is this a loopback interface? false
٢٠٢٦-٠٤-١٢T٢١:٢٢:٢٦.٦٩٧-0700 [DEBUG] [org.gradle.internal.remote.internal.inet.InetAddresses] Adding IP addresses for network interface WAN Miniport (L2TP)
٢٠٢٦-٠٤-١٢T٢١:٢٢:٢٦.٧٠٠-0700 [DEBUG] [org.gradle.internal.remote.internal.inet.InetAddresses] Is this a loopback interface? false
٢٠٢٦-٠٤-١٢T٢١:٢٢:٢٦.٧٠٠-0700 [DEBUG] [org.gradle.internal.remote.internal.inet.InetAddresses] Adding IP addresses for network interface Microsoft Kernel Debug Network Adapter
٢٠٢٦-٠٤-١٢T٢١:٢٢:٢٦.٧٠٢-0700 [DEBUG] [org.gradle.internal.remote.internal.inet.InetAddresses] Is this a loopback interface? false
٢٠٢٦-٠٤-١٢T٢١:٢٢:٢٦.٧٠٣-0700 [DEBUG] [org.gradle.internal.remote.internal.inet.InetAddresses] Adding IP addresses for network interface Microsoft Wi-Fi Direct Virtual Adapter #2
٢٠٢٦-٠٤-١٢T٢١:٢٢:٢٦.٧٠٥-0700 [DEBUG] [org.gradle.internal.remote.internal.inet.InetAddresses] Is this a loopback interface? false
٢٠٢٦-٠٤-١٢T٢١:٢٢:٢٦.٧٠٥-0700 [DEBUG] [org.gradle.internal.remote.internal.inet.InetAddresses] Adding remote address /fe80:0:0:0:3bb5:bf1:1f7e:42e2%wlan3
٢٠٢٦-٠٤-١٢T٢١:٢٢:٢٦.٧٠٥-0700 [DEBUG] [org.gradle.internal.remote.internal.inet.InetAddresses] Adding IP addresses for network interface Dell Wireless 1601 802.11 a/g/n Adapter
٢٠٢٦-٠٤-١٢T٢١:٢٢:٢٦.٧٤٩-0700 [DEBUG] [org.gradle.internal.remote.internal.inet.InetAddresses] Is this a loopback interface? false
٢٠٢٦-٠٤-١٢T٢١:٢٢:٢٦.٧٤٩-0700 [DEBUG] [org.gradle.internal.remote.internal.inet.InetAddresses] Adding remote address /192.168.43.97
٢٠٢٦-٠٤-١٢T٢١:٢٢:٢٦.٧٥٠-0700 [DEBUG] [org.gradle.internal.remote.internal.inet.InetAddresses] Adding remote address /fe80:0:0:0:49a3:14e1:ba8a:8b81%wlan4
٢٠٢٦-٠٤-١٢T٢١:٢٢:٢٦.٧٥٠-0700 [DEBUG] [org.gradle.internal.remote.internal.inet.InetAddresses] Adding IP addresses for network interface Microsoft Teredo Tunneling Adapter
٢٠٢٦-٠٤-١٢T٢١:٢٢:٢٦.٧٥٤-0700 [DEBUG] [org.gradle.internal.remote.internal.inet.InetAddresses] Is this a loopback interface? false
٢٠٢٦-٠٤-١٢T٢١:٢٢:٢٦.٧٥٤-0700 [DEBUG] [org.gradle.internal.remote.internal.inet.InetAddresses] Adding IP addresses for network interface Microsoft Wi-Fi Direct Virtual Adapter #3
٢٠٢٦-٠٤-١٢T٢١:٢٢:٢٦.٧٥٧-0700 [DEBUG] [org.gradle.internal.remote.internal.inet.InetAddresses] Is this a loopback interface? false
٢٠٢٦-٠٤-١٢T٢١:٢٢:٢٦.٧٥٨-0700 [DEBUG] [org.gradle.internal.remote.internal.inet.InetAddresses] Adding IP addresses for network interface WAN Miniport (SSTP)
٢٠٢٦-٠٤-١٢T٢١:٢٢:٢٦.٧٦١-0700 [DEBUG] [org.gradle.internal.remote.internal.inet.InetAddresses] Is this a loopback interface? false
٢٠٢٦-٠٤-١٢T٢١:٢٢:٢٦.٧٦١-0700 [DEBUG] [org.gradle.internal.remote.internal.inet.InetAddresses] Adding IP addresses for network interface Intel(R) Ethernet Connection I218-LM
٢٠٢٦-٠٤-١٢T٢١:٢٢:٢٦.٧٦٥-0700 [DEBUG] [org.gradle.internal.remote.internal.inet.InetAddresses] Is this a loopback interface? false
٢٠٢٦-٠٤-١٢T٢١:٢٢:٢٦.٧٦٥-0700 [DEBUG] [org.gradle.internal.remote.internal.inet.InetAddresses] Adding remote address /fe80:0:0:0:13ee:f799:c8e6:47c3%eth5
٢٠٢٦-٠٤-١٢T٢١:٢٢:٢٦.٧٧٤-0700 [DEBUG] [org.gradle.internal.remote.internal.inet.InetAddresses] Adding IP addresses for network interface Intel(R) Ethernet Connection I218-LM-WFP Native MAC Layer LightWeight Filter-0000
٢٠٢٦-٠٤-١٢T٢١:٢٢:٢٦.٧٧٧-0700 [DEBUG] [org.gradle.internal.remote.internal.inet.InetAddresses] Is this a loopback interface? false
٢٠٢٦-٠٤-١٢T٢١:٢٢:٢٦.٧٧٨-0700 [DEBUG] [org.gradle.internal.remote.internal.inet.InetAddresses] Adding IP addresses for network interface Intel(R) Ethernet Connection I218-LM-QoS Packet Scheduler-0000
٢٠٢٦-٠٤-١٢T٢١:٢٢:٢٦.٧٨٩-0700 [DEBUG] [org.gradle.internal.remote.internal.inet.InetAddresses] Is this a loopback interface? false
٢٠٢٦-٠٤-١٢T٢١:٢٢:٢٦.٧٨٩-0700 [DEBUG] [org.gradle.internal.remote.internal.inet.InetAddresses] Adding IP addresses for network interface Intel(R) Ethernet Connection I218-LM-WFP 802.3 MAC Layer LightWeight Filter-0000
٢٠٢٦-٠٤-١٢T٢١:٢٢:٢٦.٨٠٠-0700 [DEBUG] [org.gradle.internal.remote.internal.inet.InetAddresses] Is this a loopback interface? false
٢٠٢٦-٠٤-١٢T٢١:٢٢:٢٦.٨٠٠-0700 [DEBUG] [org.gradle.internal.remote.internal.inet.InetAddresses] Adding IP addresses for network interface Dell Wireless 1601 802.11 a/g/n Adapter-WFP Native MAC Layer LightWeight Filter-0000
٢٠٢٦-٠٤-١٢T٢١:٢٢:٢٦.٨٠٤-0700 [DEBUG] [org.gradle.internal.remote.internal.inet.InetAddresses] Is this a loopback interface? false
٢٠٢٦-٠٤-١٢T٢١:٢٢:٢٦.٨٠٤-0700 [DEBUG] [org.gradle.internal.remote.internal.inet.InetAddresses] Adding IP addresses for network interface Dell Wireless 1601 802.11 a/g/n Adapter-Virtual WiFi Filter Driver-0000
٢٠٢٦-٠٤-١٢T٢١:٢٢:٢٦.٨٢١-0700 [DEBUG] [org.gradle.internal.remote.internal.inet.InetAddresses] Is this a loopback interface? false
٢٠٢٦-٠٤-١٢T٢١:٢٢:٢٦.٨٢١-0700 [DEBUG] [org.gradle.internal.remote.internal.inet.InetAddresses] Adding IP addresses for network interface Dell Wireless 1601 802.11 a/g/n Adapter-Native WiFi Filter Driver-0000
٢٠٢٦-٠٤-١٢T٢١:٢٢:٢٦.٨٣٢-0700 [DEBUG] [org.gradle.internal.remote.internal.inet.InetAddresses] Is this a loopback interface? false
٢٠٢٦-٠٤-١٢T٢١:٢٢:٢٦.٨٣٢-0700 [DEBUG] [org.gradle.internal.remote.internal.inet.InetAddresses] Adding IP addresses for network interface Dell Wireless 1601 802.11 a/g/n Adapter-QoS Packet Scheduler-0000
٢٠٢٦-٠٤-١٢T٢١:٢٢:٢٦.٨٣٩-0700 [DEBUG] [org.gradle.internal.remote.internal.inet.InetAddresses] Is this a loopback interface? false
٢٠٢٦-٠٤-١٢T٢١:٢٢:٢٦.٨٣٩-0700 [DEBUG] [org.gradle.internal.remote.internal.inet.InetAddresses] Adding IP addresses for network interface Dell Wireless 1601 802.11 a/g/n Adapter-WFP 802.3 MAC Layer LightWeight Filter-0000
٢٠٢٦-٠٤-١٢T٢١:٢٢:٢٦.٨٤٢-0700 [DEBUG] [org.gradle.internal.remote.internal.inet.InetAddresses] Is this a loopback interface? false
٢٠٢٦-٠٤-١٢T٢١:٢٢:٢٦.٨٤٢-0700 [DEBUG] [org.gradle.internal.remote.internal.inet.InetAddresses] Adding IP addresses for network interface Microsoft Wi-Fi Direct Virtual Adapter-WFP Native MAC Layer LightWeight Filter-0000
٢٠٢٦-٠٤-١٢T٢١:٢٢:٢٦.٨٤٤-0700 [DEBUG] [org.gradle.internal.remote.internal.inet.InetAddresses] Is this a loopback interface? false
٢٠٢٦-٠٤-١٢T٢١:٢٢:٢٦.٨٤٥-0700 [DEBUG] [org.gradle.internal.remote.internal.inet.InetAddresses] Adding IP addresses for network interface Microsoft Wi-Fi Direct Virtual Adapter-Native WiFi Filter Driver-0000
٢٠٢٦-٠٤-١٢T٢١:٢٢:٢٦.٨٤٧-0700 [DEBUG] [org.gradle.internal.remote.internal.inet.InetAddresses] Is this a loopback interface? false
٢٠٢٦-٠٤-١٢T٢١:٢٢:٢٦.٨٤٧-0700 [DEBUG] [org.gradle.internal.remote.internal.inet.InetAddresses] Adding IP addresses for network interface Microsoft Wi-Fi Direct Virtual Adapter-QoS Packet Scheduler-0000
٢٠٢٦-٠٤-١٢T٢١:٢٢:٢٦.٨٥٠-0700 [DEBUG] [org.gradle.internal.remote.internal.inet.InetAddresses] Is this a loopback interface? false
٢٠٢٦-٠٤-١٢T٢١:٢٢:٢٦.٨٥٠-0700 [DEBUG] [org.gradle.internal.remote.internal.inet.InetAddresses] Adding IP addresses for network interface Microsoft Wi-Fi Direct Virtual Adapter-WFP 802.3 MAC Layer LightWeight Filter-0000
٢٠٢٦-٠٤-١٢T٢١:٢٢:٢٦.٨٥٢-0700 [DEBUG] [org.gradle.internal.remote.internal.inet.InetAddresses] Is this a loopback interface? false
٢٠٢٦-٠٤-١٢T٢١:٢٢:٢٦.٨٥٢-0700 [DEBUG] [org.gradle.internal.remote.internal.inet.InetAddresses] Adding IP addresses for network interface WAN Miniport (IP)-WFP Native MAC Layer LightWeight Filter-0000
٢٠٢٦-٠٤-١٢T٢١:٢٢:٢٦.٨٥٥-0700 [DEBUG] [org.gradle.internal.remote.internal.inet.InetAddresses] Is this a loopback interface? false
٢٠٢٦-٠٤-١٢T٢١:٢٢:٢٦.٨٥٥-0700 [DEBUG] [org.gradle.internal.remote.internal.inet.InetAddresses] Adding IP addresses for network interface WAN Miniport (IP)-QoS Packet Scheduler-0000
٢٠٢٦-٠٤-١٢T٢١:٢٢:٢٦.٨٥٧-0700 [DEBUG] [org.gradle.internal.remote.internal.inet.InetAddresses] Is this a loopback interface? false
٢٠٢٦-٠٤-١٢T٢١:٢٢:٢٦.٨٥٧-0700 [DEBUG] [org.gradle.internal.remote.internal.inet.InetAddresses] Adding IP addresses for network interface WAN Miniport (IPv6)-WFP Native MAC Layer LightWeight Filter-0000
٢٠٢٦-٠٤-١٢T٢١:٢٢:٢٦.٨٥٩-0700 [DEBUG] [org.gradle.internal.remote.internal.inet.InetAddresses] Is this a loopback interface? false
٢٠٢٦-٠٤-١٢T٢١:٢٢:٢٦.٨٦٠-0700 [DEBUG] [org.gradle.internal.remote.internal.inet.InetAddresses] Adding IP addresses for network interface WAN Miniport (IPv6)-QoS Packet Scheduler-0000
٢٠٢٦-٠٤-١٢T٢١:٢٢:٢٦.٨٦٢-0700 [DEBUG] [org.gradle.internal.remote.internal.inet.InetAddresses] Is this a loopback interface? false
٢٠٢٦-٠٤-١٢T٢١:٢٢:٢٦.٨٦٢-0700 [DEBUG] [org.gradle.internal.remote.internal.inet.InetAddresses] Adding IP addresses for network interface WAN Miniport (Network Monitor)-WFP Native MAC Layer LightWeight Filter-0000
٢٠٢٦-٠٤-١٢T٢١:٢٢:٢٦.٨٦٤-0700 [DEBUG] [org.gradle.internal.remote.internal.inet.InetAddresses] Is this a loopback interface? false
٢٠٢٦-٠٤-١٢T٢١:٢٢:٢٦.٨٦٤-0700 [DEBUG] [org.gradle.internal.remote.internal.inet.InetAddresses] Adding IP addresses for network interface WAN Miniport (Network Monitor)-QoS Packet Scheduler-0000
٢٠٢٦-٠٤-١٢T٢١:٢٢:٢٦.٨٦٦-0700 [DEBUG] [org.gradle.internal.remote.internal.inet.InetAddresses] Is this a loopback interface? false
٢٠٢٦-٠٤-١٢T٢١:٢٢:٢٦.٨٦٦-0700 [DEBUG] [org.gradle.internal.remote.internal.inet.InetAddresses] Adding IP addresses for network interface Microsoft Wi-Fi Direct Virtual Adapter #2-WFP Native MAC Layer LightWeight Filter-0000
٢٠٢٦-٠٤-١٢T٢١:٢٢:٢٦.٨٦٨-0700 [DEBUG] [org.gradle.internal.remote.internal.inet.InetAddresses] Is this a loopback interface? false
٢٠٢٦-٠٤-١٢T٢١:٢٢:٢٦.٨٦٨-0700 [DEBUG] [org.gradle.internal.remote.internal.inet.InetAddresses] Adding IP addresses for network interface Microsoft Wi-Fi Direct Virtual Adapter #2-Native WiFi Filter Driver-0000
٢٠٢٦-٠٤-١٢T٢١:٢٢:٢٦.٨٧٠-0700 [DEBUG] [org.gradle.internal.remote.internal.inet.InetAddresses] Is this a loopback interface? false
٢٠٢٦-٠٤-١٢T٢١:٢٢:٢٦.٨٧٠-0700 [DEBUG] [org.gradle.internal.remote.internal.inet.InetAddresses] Adding IP addresses for network interface Microsoft Wi-Fi Direct Virtual Adapter #2-QoS Packet Scheduler-0000
٢٠٢٦-٠٤-١٢T٢١:٢٢:٢٦.٨٧٢-0700 [DEBUG] [org.gradle.internal.remote.internal.inet.InetAddresses] Is this a loopback interface? false
٢٠٢٦-٠٤-١٢T٢١:٢٢:٢٦.٨٧٢-0700 [DEBUG] [org.gradle.internal.remote.internal.inet.InetAddresses] Adding IP addresses for network interface Microsoft Wi-Fi Direct Virtual Adapter #2-WFP 802.3 MAC Layer LightWeight Filter-0000
٢٠٢٦-٠٤-١٢T٢١:٢٢:٢٦.٨٧٤-0700 [DEBUG] [org.gradle.internal.remote.internal.inet.InetAddresses] Is this a loopback interface? false
٢٠٢٦-٠٤-١٢T٢١:٢٢:٢٦.٨٨٩-0700 [DEBUG] [org.gradle.internal.nativeintegration.services.NativeServices] Native-platform posix files integration is not available. Continuing with fallback.
٢٠٢٦-٠٤-١٢T٢١:٢٢:٢٦.٩١٧-0700 [INFO] [org.gradle.launcher.daemon.server.Daemon] start() called on daemon - DefaultDaemonContext[uid=b8694166-e5f9-4198-b93d-4108cf7af06b,javaHome=C:\Program Files (x86)\jdk-17.0.2,javaVersion=17,javaVendor=Oracle Corporation,daemonRegistryDir=D:\My-app\android\eas-cli\daemon,pid=5584,idleTimeout=10800000,priority=NORMAL,applyInstrumentationAgent=true,nativeServicesMode=ENABLED,daemonOpts=-XX:MaxMetaspaceSize=512m,-Xmx2048m,-Dfile.encoding=windows-1252,-Duser.country=SA,-Duser.language=ar,-Duser.variant]
٢٠٢٦-٠٤-١٢T٢١:٢٢:٢٦.٩٨٢-0700 [DEBUG] [org.gradle.internal.remote.internal.inet.TcpIncomingConnector] Listening on [11d2ccea-a3e6-489d-a525-ed098fe203c2 port:61337, addresses:[localhost/127.0.0.1]].
٢٠٢٦-٠٤-١٢T٢١:٢٢:٢٦.٩٨٨-0700 [DEBUG] [org.gradle.launcher.daemon.server.Daemon] Daemon starting at: Sun Apr 12 21:22:26 PDT 2026, with address: [11d2ccea-a3e6-489d-a525-ed098fe203c2 port:61337, addresses:[localhost/127.0.0.1]]
٢٠٢٦-٠٤-١٢T٢١:٢٢:٢٦.٩٨٩-0700 [INFO] [org.gradle.launcher.daemon.server.DaemonRegistryUpdater] Advertising the daemon address to the clients: [11d2ccea-a3e6-489d-a525-ed098fe203c2 port:61337, addresses:[localhost/127.0.0.1]]
٢٠٢٦-٠٤-١٢T٢١:٢٢:٢٦.٩٨٩-0700 [DEBUG] [org.gradle.launcher.daemon.server.DaemonRegistryUpdater] Advertised daemon context: DefaultDaemonContext[uid=b8694166-e5f9-4198-b93d-4108cf7af06b,javaHome=C:\Program Files (x86)\jdk-17.0.2,javaVersion=17,javaVendor=Oracle Corporation,daemonRegistryDir=D:\My-app\android\eas-cli\daemon,pid=5584,idleTimeout=10800000,priority=NORMAL,applyInstrumentationAgent=true,nativeServicesMode=ENABLED,daemonOpts=-XX:MaxMetaspaceSize=512m,-Xmx2048m,-Dfile.encoding=windows-1252,-Duser.country=SA,-Duser.language=ar,-Duser.variant]
٢٠٢٦-٠٤-١٢T٢١:٢٢:٢٦.٩٩٠-0700 [DEBUG] [org.gradle.launcher.daemon.registry.PersistentDaemonRegistry] Storing daemon address: [11d2ccea-a3e6-489d-a525-ed098fe203c2 port:61337, addresses:[localhost/127.0.0.1]], context: DefaultDaemonContext[uid=b8694166-e5f9-4198-b93d-4108cf7af06b,javaHome=C:\Program Files (x86)\jdk-17.0.2,javaVersion=17,javaVendor=Oracle Corporation,daemonRegistryDir=D:\My-app\android\eas-cli\daemon,pid=5584,idleTimeout=10800000,priority=NORMAL,applyInstrumentationAgent=true,nativeServicesMode=ENABLED,daemonOpts=-XX:MaxMetaspaceSize=512m,-Xmx2048m,-Dfile.encoding=windows-1252,-Duser.country=SA,-Duser.language=ar,-Duser.variant]
٢٠٢٦-٠٤-١٢T٢١:٢٢:٢٧.٠٠٨-0700 [DEBUG] [org.gradle.cache.internal.DefaultFileLockManager] Waiting to acquire exclusive lock on daemon addresses registry.
٢٠٢٦-٠٤-١٢T٢١:٢٢:٢٧.٠١٢-0700 [DEBUG] [org.gradle.cache.internal.DefaultFileLockManager] Lock acquired on daemon addresses registry.
٢٠٢٦-٠٤-١٢T٢١:٢٢:٢٧.٠١٨-0700 [DEBUG] [org.gradle.cache.internal.DefaultFileLockManager] Releasing lock on daemon addresses registry.
٢٠٢٦-٠٤-١٢T٢١:٢٢:٢٧.٠١٨-0700 [LIFECYCLE] [org.gradle.launcher.daemon.server.Daemon] Daemon server started.
٢٠٢٦-٠٤-١٢T٢١:٢٢:٢٧.٠٢٠-0700 [DEBUG] [org.gradle.launcher.daemon.bootstrap.DaemonStartupCommunication] Completed writing the daemon greeting. Closing streams...
٢٠٢٦-٠٤-١٢T٢١:٢٢:٢٧.٠٣٣-0700 [DEBUG] [org.gradle.launcher.daemon.server.Daemon] stopOnExpiration() called on daemon
٢٠٢٦-٠٤-١٢T٢١:٢٢:٢٧.٠٣٦-0700 [DEBUG] [org.gradle.launcher.daemon.server.Daemon] awaitExpiration() called on daemon
٢٠٢٦-٠٤-١٢T٢١:٢٢:٢٧.٠٣٧-0700 [DEBUG] [org.gradle.launcher.daemon.server.DaemonStateCoordinator] daemon is running. Sleeping until state changes.
٢٠٢٦-٠٤-١٢T٢١:٢٢:٢٧.٠٦٣-0700 [DEBUG] [org.gradle.internal.remote.internal.inet.TcpIncomingConnector] Accepted connection from /127.0.0.1:61338 to /127.0.0.1:61337.
٢٠٢٦-٠٤-١٢T٢١:٢٢:٢٧.١٩٩-0700 [DEBUG] [org.gradle.launcher.daemon.server.SynchronizedDispatchConnection] thread 21: received class org.gradle.launcher.daemon.protocol.Build
٢٠٢٦-٠٤-١٢T٢١:٢٢:٢٧.١٩٩-0700 [DEBUG] [org.gradle.launcher.daemon.server.DefaultDaemonConnection] thread 21: Received non-IO message from client: Build{id=15134741-7ce6-4692-aa77-6f7db46718bc, currentDir=D:\My-app\android}
٢٠٢٦-٠٤-١٢T٢١:٢٢:٢٧.٢٠٠-0700 [INFO] [org.gradle.launcher.daemon.server.DefaultIncomingConnectionHandler] Received command: Build{id=15134741-7ce6-4692-aa77-6f7db46718bc, currentDir=D:\My-app\android}.
٢٠٢٦-٠٤-١٢T٢١:٢٢:٢٧.٢٠٠-0700 [DEBUG] [org.gradle.launcher.daemon.server.DefaultIncomingConnectionHandler] Starting executing command: Build{id=15134741-7ce6-4692-aa77-6f7db46718bc, currentDir=D:\My-app\android} with connection: socket connection from /127.0.0.1:61337 to /127.0.0.1:61338.
٢٠٢٦-٠٤-١٢T٢١:٢٢:٢٧.٢٠٥-0700 [DEBUG] [org.gradle.launcher.daemon.server.DaemonStateCoordinator] Command execution: started DaemonCommandExecution[command = Build{id=15134741-7ce6-4692-aa77-6f7db46718bc, currentDir=D:\My-app\android}, connection = DefaultDaemonConnection: socket connection from /127.0.0.1:61337 to /127.0.0.1:61338] after 0.0037833333333333334 minutes of idle
٢٠٢٦-٠٤-١٢T٢١:٢٢:٢٧.٢٠٥-0700 [INFO] [org.gradle.launcher.daemon.server.DaemonRegistryUpdater] Marking the daemon as busy, address: [11d2ccea-a3e6-489d-a525-ed098fe203c2 port:61337, addresses:[localhost/127.0.0.1]]
٢٠٢٦-٠٤-١٢T٢١:٢٢:٢٧.٢٠٥-0700 [DEBUG] [org.gradle.launcher.daemon.registry.PersistentDaemonRegistry] Marking busy by address: [11d2ccea-a3e6-489d-a525-ed098fe203c2 port:61337, addresses:[localhost/127.0.0.1]]
٢٠٢٦-٠٤-١٢T٢١:٢٢:٢٧.٢٠٧-0700 [DEBUG] [org.gradle.cache.internal.DefaultFileLockManager] Waiting to acquire exclusive lock on daemon addresses registry.
٢٠٢٦-٠٤-١٢T٢١:٢٢:٢٧.٢٠٨-0700 [DEBUG] [org.gradle.cache.internal.DefaultFileLockManager] Lock acquired on daemon addresses registry.
٢٠٢٦-٠٤-١٢T٢١:٢٢:٢٧.٢٠٩-0700 [DEBUG] [org.gradle.cache.internal.DefaultFileLockManager] Releasing lock on daemon addresses registry.
٢٠٢٦-٠٤-١٢T٢١:٢٢:٢٧.٢١٠-0700 [DEBUG] [org.gradle.launcher.daemon.server.DaemonStateCoordinator] resetting idle timer
٢٠٢٦-٠٤-١٢T٢١:٢٢:٢٧.٢١٠-0700 [DEBUG] [org.gradle.launcher.daemon.server.DaemonStateCoordinator] daemon is running. Sleeping until state changes.
٢٠٢٦-٠٤-١٢T٢١:٢٢:٢٧.٢١٢-0700 [INFO] [org.gradle.launcher.daemon.server.exec.StartBuildOrRespondWithBusy] Daemon is about to start building Build{id=15134741-7ce6-4692-aa77-6f7db46718bc, currentDir=D:\My-app\android}. Dispatching build started information...
٢٠٢٦-٠٤-١٢T٢١:٢٢:٢٧.٢١٢-0700 [DEBUG] [org.gradle.launcher.daemon.server.SynchronizedDispatchConnection] thread 23: dispatching org.gradle.launcher.daemon.protocol.BuildStarted@3bcb607c
٢٠٢٦-٠٤-١٢T٢١:٢٢:٢٧.٢١٦-0700 [DEBUG] [org.gradle.launcher.daemon.server.exec.EstablishBuildEnvironment] Configuring env variables: [USERDOMAIN_ROAMINGPROFILE, PROCESSOR_LEVEL, SESSIONNAME, ALLUSERSPROFILE, PROCESSOR_ARCHITECTURE, PSModulePath, SystemDrive, =ExitCode, DIRNAME, USERNAME, ProgramFiles(x86), FPS_BROWSER_USER_PROFILE_STRING, APP_HOME, DEFAULT_JVM_OPTS, PATHEXT, DriverData, ProgramData, ProgramW6432, HOMEPATH, PROCESSOR_IDENTIFIER, ProgramFiles, PUBLIC, windir, =::, LOCALAPPDATA, USERDOMAIN, FPS_BROWSER_APP_PROFILE_STRING, LOGONSERVER, PROMPT, OneDrive, =C:, APPDATA, JAVA_EXE, CommonProgramFiles, Path, OS, COMPUTERNAME, PROCESSOR_REVISION, CommonProgramW6432, ComSpec, APP_BASE_NAME, =D:, SystemRoot, TEMP, HOMEDRIVE, USERPROFILE, TMP, CommonProgramFiles(x86), NUMBER_OF_PROCESSORS]
٢٠٢٦-٠٤-١٢T٢١:٢٢:٢٧.٢٢٣-0700 [DEBUG] [org.gradle.launcher.daemon.server.exec.LogToClient] About to start relaying all logs to the client via the connection.
٢٠٢٦-٠٤-١٢T٢١:٢٢:٢٧.٢٢٣-0700 [INFO] [org.gradle.launcher.daemon.server.exec.LogToClient] The client will now receive all logging from the daemon (pid: 5584). The daemon log file: D:\My-app\android\eas-cli\daemon\8.13\daemon-5584.out.log
٢٠٢٦-٠٤-١٢T٢١:٢٢:٢٧.٢٢٦-0700 [INFO] [org.gradle.launcher.daemon.server.exec.LogAndCheckHealth] Starting build in new daemon [memory: 2 GiB]
٢٠٢٦-٠٤-١٢T٢١:٢٢:٢٧.٢٢٨-0700 [DEBUG] [org.gradle.launcher.daemon.server.exec.ExecuteBuild] The daemon has started executing the build.
٢٠٢٦-٠٤-١٢T٢١:٢٢:٢٧.٢٢٩-0700 [DEBUG] [org.gradle.launcher.daemon.server.exec.ExecuteBuild] Executing build with daemon context: DefaultDaemonContext[uid=b8694166-e5f9-4198-b93d-4108cf7af06b,javaHome=C:\Program Files (x86)\jdk-17.0.2,javaVersion=17,javaVendor=Oracle Corporation,daemonRegistryDir=D:\My-app\android\eas-cli\daemon,pid=5584,idleTimeout=10800000,priority=NORMAL,applyInstrumentationAgent=true,nativeServicesMode=ENABLED,daemonOpts=-XX:MaxMetaspaceSize=512m,-Xmx2048m,-Dfile.encoding=windows-1252,-Duser.country=SA,-Duser.language=ar,-Duser.variant]
thread 21: client disconnection detected, canceling the build

FAILURE: Build failed with an exception.

* What went wrong:
Build cancelled while executing Groovy DSL script compilation (cp_settings)

* Try:
> Run with --stacktrace option to get the stack trace.
> Run with --info or --debug option to get more log output.
> Run with --scan to get full insights.
> Get more help at https://help.gradle.org.

BUILD FAILED in 8s
٢٠٢٦-٠٤-١٢T٢١:٢٢:٣١.٤٣٧-0700 [DEBUG] [org.gradle.launcher.daemon.server.exec.ExecuteBuild] The daemon has finished executing the build.
٢٠٢٦-٠٤-١٢T٢١:٢٢:٣١.٤٤٢-0700 [DEBUG] [org.gradle.launcher.daemon.server.DaemonStateCoordinator] Cancel: daemon is busy, sleeping until state changes.
٢٠٢٦-٠٤-١٢T٢١:٢٢:٣١.٤٤٢-0700 [DEBUG] [org.gradle.launcher.daemon.server.DaemonStateCoordinator] Command execution: finished waiting for DaemonCommandExecution[command = Build{id=15134741-7ce6-4692-aa77-6f7db46718bc, currentDir=D:\My-app\android}, connection = DefaultDaemonConnection: socket connection from /127.0.0.1:61337 to /127.0.0.1:61338]. Result org.gradle.launcher.daemon.server.DaemonStateCoordinator@3318a15c with state Canceled
٢٠٢٦-٠٤-١٢T٢١:٢٢:٣١.٤٤٢-0700 [DEBUG] [org.gradle.launcher.daemon.server.DaemonStateCoordinator] Command execution: completed DaemonCommandExecution[command = Build{id=15134741-7ce6-4692-aa77-6f7db46718bc, currentDir=D:\My-app\android}, connection = DefaultDaemonConnection: socket connection from /127.0.0.1:61337 to /127.0.0.1:61338]
٢٠٢٦-٠٤-١٢T٢١:٢٢:٣١.٤٤٢-0700 [DEBUG] [org.gradle.launcher.daemon.server.DaemonStateCoordinator] resetting idle timer
٢٠٢٦-٠٤-١٢T٢١:٢٢:٣١.٤٤٣-0700 [INFO] [org.gradle.launcher.daemon.server.DaemonRegistryUpdater] Marking the daemon as idle, address: [11d2ccea-a3e6-489d-a525-ed098fe203c2 port:61337, addresses:[localhost/127.0.0.1]]
٢٠٢٦-٠٤-١٢T٢١:٢٢:٣١.٤٤٣-0700 [DEBUG] [org.gradle.launcher.daemon.registry.PersistentDaemonRegistry] Marking busy by address: [11d2ccea-a3e6-489d-a525-ed098fe203c2 port:61337, addresses:[localhost/127.0.0.1]]
٢٠٢٦-٠٤-١٢T٢١:٢٢:٣١.٤٥١-0700 [DEBUG] [org.gradle.cache.internal.DefaultFileLockManager] Waiting to acquire exclusive lock on daemon addresses registry.
٢٠٢٦-٠٤-١٢T٢١:٢٢:٣١.٤٥٢-0700 [DEBUG] [org.gradle.cache.internal.DefaultFileLockManager] Lock acquired on daemon addresses registry.
٢٠٢٦-٠٤-١٢T٢١:٢٢:٣١.٤٦٢-0700 [DEBUG] [org.gradle.cache.internal.DefaultFileLockManager] Releasing lock on daemon addresses registry.
٢٠٢٦-٠٤-١٢T٢١:٢٢:٣١.٤٦٣-0700 [DEBUG] [org.gradle.launcher.daemon.server.exec.ReturnResult] Daemon is dispatching the build result: Success[value=org.gradle.launcher.exec.BuildActionResult@1812000c]
٢٠٢٦-٠٤-١٢T٢١:٢٢:٣١.٤٦٣-0700 [DEBUG] [org.gradle.launcher.daemon.server.DaemonStateCoordinator] Cancel: daemon is idle now.
٢٠٢٦-٠٤-١٢T٢١:٢٢:٣١.٤٦٤-0700 [DEBUG] [org.gradle.launcher.daemon.server.DaemonStateCoordinator] daemon is running. Sleeping until state changes.
٢٠٢٦-٠٤-١٢T٢١:٢٢:٣١.٤٦٣-0700 [DEBUG] [org.gradle.launcher.daemon.server.SynchronizedDispatchConnection] thread 20: dispatching Success[value=org.gradle.launcher.exec.BuildActionResult@1812000c]
٢٠٢٦-٠٤-١٢T٢١:٢٢:٣١.٤٧٧-0700 [DEBUG] [org.gradle.launcher.daemon.server.exec.CleanUpVirtualFileSystemAfterBuild] Cleaning virtual file system after build finished
٢٠٢٦-٠٤-١٢T٢١:٢٢:٣١.٤٧٧-0700 [WARN] [org.gradle.launcher.daemon.server.DefaultIncomingConnectionHandler] Unable to execute command Build{id=15134741-7ce6-4692-aa77-6f7db46718bc, currentDir=D:\My-app\android} from socket connection from /127.0.0.1:61337 to /127.0.0.1:61338. Dispatching the failure to the daemon client
org.gradle.internal.remote.internal.MessageIOException: Could not write message Success[value=org.gradle.launcher.exec.BuildActionResult@1812000c] to '/127.0.0.1:61338'.
	at org.gradle.internal.remote.internal.inet.SocketConnection.dispatch(SocketConnection.java:132)
	at org.gradle.launcher.daemon.server.SynchronizedDispatchConnection.dispatchAndFlush(SynchronizedDispatchConnection.java:56)
	at org.gradle.launcher.daemon.server.DefaultDaemonConnection.completed(DefaultDaemonConnection.java:150)
	at org.gradle.launcher.daemon.server.exec.ReturnResult.execute(ReturnResult.java:41)
	at org.gradle.launcher.daemon.server.api.DaemonCommandExecution.proceed(DaemonCommandExecution.java:104)
	at org.gradle.launcher.daemon.server.exec.CleanUpVirtualFileSystemAfterBuild.doBuild(CleanUpVirtualFileSystemAfterBuild.java:58)
	at org.gradle.launcher.daemon.server.exec.BuildCommandOnly.execute(BuildCommandOnly.java:37)
	at org.gradle.launcher.daemon.server.api.DaemonCommandExecution.proceed(DaemonCommandExecution.java:104)
	at org.gradle.launcher.daemon.server.api.HandleReportStatus.execute(HandleReportStatus.java:35)
	at org.gradle.launcher.daemon.server.api.DaemonCommandExecution.proceed(DaemonCommandExecution.java:104)
	at org.gradle.launcher.daemon.server.exec.HandleCancel.execute(HandleCancel.java:39)
	at org.gradle.launcher.daemon.server.api.DaemonCommandExecution.proceed(DaemonCommandExecution.java:104)
	at org.gradle.launcher.daemon.server.api.HandleInvalidateVirtualFileSystem.execute(HandleInvalidateVirtualFileSystem.java:46)
	at org.gradle.launcher.daemon.server.api.DaemonCommandExecution.proceed(DaemonCommandExecution.java:104)
	at org.gradle.launcher.daemon.server.api.HandleStop.execute(HandleStop.java:46)
	at org.gradle.launcher.daemon.server.api.DaemonCommandExecution.proceed(DaemonCommandExecution.java:104)
	at org.gradle.launcher.daemon.server.exec.DaemonCommandExecuter.executeCommand(DaemonCommandExecuter.java:55)
	at org.gradle.launcher.daemon.server.DefaultIncomingConnectionHandler$ConnectionWorker.handleCommand(DefaultIncomingConnectionHandler.java:161)
	at org.gradle.launcher.daemon.server.DefaultIncomingConnectionHandler$ConnectionWorker.receiveAndHandleCommand(DefaultIncomingConnectionHandler.java:134)
	at org.gradle.launcher.daemon.server.DefaultIncomingConnectionHandler$ConnectionWorker.run(DefaultIncomingConnectionHandler.java:122)
	at org.gradle.internal.concurrent.ExecutorPolicy$CatchAndRecordFailures.onExecute(ExecutorPolicy.java:64)
	at org.gradle.internal.concurrent.AbstractManagedExecutor$1.run(AbstractManagedExecutor.java:48)
	at java.base/java.util.concurrent.ThreadPoolExecutor.runWorker(ThreadPoolExecutor.java:1136)
	at java.base/java.util.concurrent.ThreadPoolExecutor$Worker.run(ThreadPoolExecutor.java:635)
	at java.base/java.lang.Thread.run(Thread.java:833)
Caused by: com.esotericsoftware.kryo.KryoException: java.io.IOException: Connection reset by peer
	at com.esotericsoftware.kryo.io.Output.flush(Output.java:165)
	at com.esotericsoftware.kryo.io.Output.require(Output.java:142)
	at com.esotericsoftware.kryo.io.Output.writeBytes(Output.java:228)
	at org.gradle.internal.serialize.kryo.KryoBackedEncoder.writeBytes(KryoBackedEncoder.java:49)
	at org.gradle.internal.serialize.AbstractEncoder$EncoderStream.write(AbstractEncoder.java:93)
	at java.base/java.io.ObjectOutputStream$BlockDataOutputStream.drain(ObjectOutputStream.java:1896)
	at java.base/java.io.ObjectOutputStream$BlockDataOutputStream.setBlockDataMode(ObjectOutputStream.java:1805)
	at java.base/java.io.ObjectOutputStream.writeObject0(ObjectOutputStream.java:1202)
	at java.base/java.io.ObjectOutputStream.writeObject(ObjectOutputStream.java:354)
	at org.gradle.internal.serialize.DefaultSerializer.write(DefaultSerializer.java:56)
	at org.gradle.tooling.internal.provider.serialization.SerializedPayloadSerializer.write(SerializedPayloadSerializer.java:32)
	at org.gradle.tooling.internal.provider.serialization.SerializedPayloadSerializer.write(SerializedPayloadSerializer.java:27)
	at org.gradle.launcher.daemon.protocol.DaemonMessageSerializer$SuccessSerializer.write(DaemonMessageSerializer.java:149)
	at org.gradle.launcher.daemon.protocol.DaemonMessageSerializer$SuccessSerializer.write(DaemonMessageSerializer.java:125)
	at org.gradle.internal.serialize.DefaultSerializerRegistry$TaggedTypeSerializer.write(DefaultSerializerRegistry.java:171)
	at org.gradle.internal.serialize.Serializers$StatefulSerializerAdapter$2.write(Serializers.java:46)
	at org.gradle.internal.remote.internal.inet.SocketConnection.dispatch(SocketConnection.java:124)
	... 24 more
Caused by: java.io.IOException: Connection reset by peer
	at java.base/sun.nio.ch.SocketDispatcher.write0(Native Method)
	at java.base/sun.nio.ch.SocketDispatcher.write(SocketDispatcher.java:54)
	at java.base/sun.nio.ch.IOUtil.writeFromNativeBuffer(IOUtil.java:132)
	at java.base/sun.nio.ch.IOUtil.write(IOUtil.java:76)
	at java.base/sun.nio.ch.IOUtil.write(IOUtil.java:53)
	at java.base/sun.nio.ch.SocketChannelImpl.write(SocketChannelImpl.java:532)
	at org.gradle.internal.remote.internal.inet.SocketConnection$SocketOutputStream.writeWithNonBlockingRetry(SocketConnection.java:282)
	at org.gradle.internal.remote.internal.inet.SocketConnection$SocketOutputStream.writeBufferToChannel(SocketConnection.java:269)
	at org.gradle.internal.remote.internal.inet.SocketConnection$SocketOutputStream.write(SocketConnection.java:255)
	at com.esotericsoftware.kryo.io.Output.flush(Output.java:163)
	... 40 more
٢٠٢٦-٠٤-١٢T٢١:٢٢:٣١.٤٨٢-0700 [DEBUG] [org.gradle.launcher.daemon.server.SynchronizedDispatchConnection] thread 20: dispatching Failure[value=org.gradle.internal.remote.internal.MessageIOException: Could not write message Success[value=org.gradle.launcher.exec.BuildActionResult@1812000c] to '/127.0.0.1:61338'.]
٢٠٢٦-٠٤-١٢T٢١:٢٢:٣١.٤٨٣-0700 [DEBUG] [org.gradle.launcher.daemon.server.DefaultIncomingConnectionHandler] Finishing executing command: Build{id=15134741-7ce6-4692-aa77-6f7db46718bc, currentDir=D:\My-app\android}
٢٠٢٦-٠٤-١٢T٢١:٢٢:٣١.٤٨٣-0700 [DEBUG] [org.gradle.launcher.daemon.server.SynchronizedDispatchConnection] thread 20: stopping connection
٢٠٢٦-٠٤-١٢T٢١:٢٢:٣١.٤٨٥-0700 [DEBUG] [org.gradle.launcher.daemon.server.SynchronizedDispatchConnection] thread 20: stopping connection
٢٠٢٦-٠٤-١٢T٢١:٢٢:٣٧.٠٨١-0700 [DEBUG] [org.gradle.cache.internal.DefaultFileLockManager] Waiting to acquire shared lock on daemon addresses registry.
٢٠٢٦-٠٤-١٢T٢١:٢٢:٣٧.٠٨٢-0700 [DEBUG] [org.gradle.cache.internal.DefaultFileLockManager] Lock acquired on daemon addresses registry.
٢٠٢٦-٠٤-١٢T٢١:٢٢:٣٧.١٠٣-0700 [DEBUG] [org.gradle.cache.internal.DefaultFileLockManager] Releasing lock on daemon addresses registry.
٢٠٢٦-٠٤-١٢T٢١:٢٢:٣٧.١٠٥-0700 [DEBUG] [org.gradle.cache.internal.DefaultFileLockManager] Waiting to acquire shared lock on daemon addresses registry.
٢٠٢٦-٠٤-١٢T٢١:٢٢:٣٧.١٠٥-0700 [DEBUG] [org.gradle.cache.internal.DefaultFileLockManager] Lock acquired on daemon addresses registry.
٢٠٢٦-٠٤-١٢T٢١:٢٢:٣٧.١٠٦-0700 [DEBUG] [org.gradle.cache.internal.DefaultFileLockManager] Releasing lock on daemon addresses registry.
٢٠٢٦-٠٤-١٢T٢١:٢٢:٤٧.٠٥٧-0700 [DEBUG] [org.gradle.cache.internal.DefaultFileLockManager] Waiting to acquire shared lock on daemon addresses registry.
٢٠٢٦-٠٤-١٢T٢١:٢٢:٤٧.٠٥٨-0700 [DEBUG] [org.gradle.cache.internal.DefaultFileLockManager] Lock acquired on daemon addresses registry.
٢٠٢٦-٠٤-١٢T٢١:٢٢:٤٧.٠٥٩-0700 [DEBUG] [org.gradle.cache.internal.DefaultFileLockManager] Releasing lock on daemon addresses registry.
٢٠٢٦-٠٤-١٢T٢١:٢٢:٤٧.٠٦١-0700 [DEBUG] [org.gradle.cache.internal.DefaultFileLockManager] Waiting to acquire shared lock on daemon addresses registry.
٢٠٢٦-٠٤-١٢T٢١:٢٢:٤٧.٠٦٢-0700 [DEBUG] [org.gradle.cache.internal.DefaultFileLockManager] Lock acquired on daemon addresses registry.
٢٠٢٦-٠٤-١٢T٢١:٢٢:٤٧.٠٦٣-0700 [DEBUG] [org.gradle.cache.internal.DefaultFileLockManager] Releasing lock on daemon addresses registry.
٢٠٢٦-٠٤-١٢T٢١:٢٢:٤٧.٠٦٦-0700 [DEBUG] [org.gradle.cache.internal.DefaultFileLockManager] Waiting to acquire shared lock on daemon addresses registry.
٢٠٢٦-٠٤-١٢T٢١:٢٢:٤٧.٠٦٧-0700 [DEBUG] [org.gradle.cache.internal.DefaultFileLockManager] Lock acquired on daemon addresses registry.
٢٠٢٦-٠٤-١٢T٢١:٢٢:٤٧.٠٦٩-0700 [DEBUG] [org.gradle.cache.internal.DefaultFileLockManager] Releasing lock on daemon addresses registry.
٢٠٢٦-٠٤-١٢T٢١:٢٢:٥٧.٠٥٥-0700 [DEBUG] [org.gradle.cache.internal.DefaultFileLockManager] Waiting to acquire shared lock on daemon addresses registry.
٢٠٢٦-٠٤-١٢T٢١:٢٢:٥٧.٠٥٦-0700 [DEBUG] [org.gradle.cache.internal.DefaultFileLockManager] Lock acquired on daemon addresses registry.
٢٠٢٦-٠٤-١٢T٢١:٢٢:٥٧.٠٥٦-0700 [DEBUG] [org.gradle.cache.internal.DefaultFileLockManager] Releasing lock on daemon addresses registry.
٢٠٢٦-٠٤-١٢T٢١:٢٢:٥٧.٠٥٨-0700 [DEBUG] [org.gradle.cache.internal.DefaultFileLockManager] Waiting to acquire shared lock on daemon addresses registry.
٢٠٢٦-٠٤-١٢T٢١:٢٢:٥٧.٠٥٨-0700 [DEBUG] [org.gradle.cache.internal.DefaultFileLockManager] Lock acquired on daemon addresses registry.
٢٠٢٦-٠٤-١٢T٢١:٢٢:٥٧.٠٥٨-0700 [DEBUG] [org.gradle.cache.internal.DefaultFileLockManager] Releasing lock on daemon addresses registry.
٢٠٢٦-٠٤-١٢T٢١:٢٢:٥٧.٠٥٩-0700 [DEBUG] [org.gradle.cache.internal.DefaultFileLockManager] Waiting to acquire shared lock on daemon addresses registry.
٢٠٢٦-٠٤-١٢T٢١:٢٢:٥٧.٠٦٠-0700 [DEBUG] [org.gradle.cache.internal.DefaultFileLockManager] Lock acquired on daemon addresses registry.
٢٠٢٦-٠٤-١٢T٢١:٢٢:٥٧.٠٦٠-0700 [DEBUG] [org.gradle.cache.internal.DefaultFileLockManager] Releasing lock on daemon addresses registry.
٢٠٢٦-٠٤-١٢T٢١:٢٣:٠٧.٠٥٥-0700 [DEBUG] [org.gradle.cache.internal.DefaultFileLockManager] Waiting to acquire shared lock on daemon addresses registry.
٢٠٢٦-٠٤-١٢T٢١:٢٣:٠٧.٠٥٦-0700 [DEBUG] [org.gradle.cache.internal.DefaultFileLockManager] Lock acquired on daemon addresses registry.
٢٠٢٦-٠٤-١٢T٢١:٢٣:٠٧.٠٥٧-0700 [DEBUG] [org.gradle.cache.internal.DefaultFileLockManager] Releasing lock on daemon addresses registry.
٢٠٢٦-٠٤-١٢T٢١:٢٣:٠٧.٠٥٩-0700 [DEBUG] [org.gradle.cache.internal.DefaultFileLockManager] Waiting to acquire shared lock on daemon addresses registry.
٢٠٢٦-٠٤-١٢T٢١:٢٣:٠٧.٠٦٠-0700 [DEBUG] [org.gradle.cache.internal.DefaultFileLockManager] Lock acquired on daemon addresses registry.
٢٠٢٦-٠٤-١٢T٢١:٢٣:٠٧.٠٦١-0700 [DEBUG] [org.gradle.cache.internal.DefaultFileLockManager] Releasing lock on daemon addresses registry.
٢٠٢٦-٠٤-١٢T٢١:٢٣:٠٧.٠٦٤-0700 [DEBUG] [org.gradle.cache.internal.DefaultFileLockManager] Waiting to acquire shared lock on daemon addresses registry.
٢٠٢٦-٠٤-١٢T٢١:٢٣:٠٧.٠٦٥-0700 [DEBUG] [org.gradle.cache.internal.DefaultFileLockManager] Lock acquired on daemon addresses registry.
٢٠٢٦-٠٤-١٢T٢١:٢٣:٠٧.٠٦٦-0700 [DEBUG] [org.gradle.cache.internal.DefaultFileLockManager] Releasing lock on daemon addresses registry.
٢٠٢٦-٠٤-١٢T٢١:٢٣:١٧.٠٥٥-0700 [DEBUG] [org.gradle.cache.internal.DefaultFileLockManager] Waiting to acquire shared lock on daemon addresses registry.
٢٠٢٦-٠٤-١٢T٢١:٢٣:١٧.٠٥٥-0700 [DEBUG] [org.gradle.cache.internal.DefaultFileLockManager] Lock acquired on daemon addresses registry.
٢٠٢٦-٠٤-١٢T٢١:٢٣:١٧.٠٥٦-0700 [DEBUG] [org.gradle.cache.internal.DefaultFileLockManager] Releasing lock on daemon addresses registry.
٢٠٢٦-٠٤-١٢T٢١:٢٣:١٧.٠٦٠-0700 [DEBUG] [org.gradle.cache.internal.DefaultFileLockManager] Waiting to acquire shared lock on daemon addresses registry.
٢٠٢٦-٠٤-١٢T٢١:٢٣:١٧.٠٦١-0700 [DEBUG] [org.gradle.cache.internal.DefaultFileLockManager] Lock acquired on daemon addresses registry.
٢٠٢٦-٠٤-١٢T٢١:٢٣:١٧.٠٦٣-0700 [DEBUG] [org.gradle.cache.internal.DefaultFileLockManager] Releasing lock on daemon addresses registry.
٢٠٢٦-٠٤-١٢T٢١:٢٣:١٧.٠٦٥-0700 [DEBUG] [org.gradle.cache.internal.DefaultFileLockManager] Waiting to acquire shared lock on daemon addresses registry.
٢٠٢٦-٠٤-١٢T٢١:٢٣:١٧.٠٦٦-0700 [DEBUG] [org.gradle.cache.internal.DefaultFileLockManager] Lock acquired on daemon addresses registry.
٢٠٢٦-٠٤-١٢T٢١:٢٣:١٧.٠٦٨-0700 [DEBUG] [org.gradle.cache.internal.DefaultFileLockManager] Releasing lock on daemon addresses registry.
٢٠٢٦-٠٤-١٢T٢١:٢٣:٢٧.٠٥٤-0700 [DEBUG] [org.gradle.cache.internal.DefaultFileLockManager] Waiting to acquire shared lock on daemon addresses registry.
٢٠٢٦-٠٤-١٢T٢١:٢٣:٢٧.٠٥٤-0700 [DEBUG] [org.gradle.cache.internal.DefaultFileLockManager] Lock acquired on daemon addresses registry.
٢٠٢٦-٠٤-١٢T٢١:٢٣:٢٧.٠٥٤-0700 [DEBUG] [org.gradle.cache.internal.DefaultFileLockManager] Releasing lock on daemon addresses registry.
٢٠٢٦-٠٤-١٢T٢١:٢٣:٢٧.٠٥٥-0700 [DEBUG] [org.gradle.cache.internal.DefaultFileLockManager] Waiting to acquire shared lock on daemon addresses registry.
٢٠٢٦-٠٤-١٢T٢١:٢٣:٢٧.٠٥٥-0700 [DEBUG] [org.gradle.cache.internal.DefaultFileLockManager] Lock acquired on daemon addresses registry.
٢٠٢٦-٠٤-١٢T٢١:٢٣:٢٧.٠٥٦-0700 [DEBUG] [org.gradle.cache.internal.DefaultFileLockManager] Releasing lock on daemon addresses registry.
٢٠٢٦-٠٤-١٢T٢١:٢٣:٢٧.٠٥٦-0700 [DEBUG] [org.gradle.cache.internal.DefaultFileLockManager] Waiting to acquire shared lock on daemon addresses registry.
٢٠٢٦-٠٤-١٢T٢١:٢٣:٢٧.٠٥٦-0700 [DEBUG] [org.gradle.cache.internal.DefaultFileLockManager] Lock acquired on daemon addresses registry.
٢٠٢٦-٠٤-١٢T٢١:٢٣:٢٧.٠٥٧-0700 [DEBUG] [org.gradle.cache.internal.DefaultFileLockManager] Releasing lock on daemon addresses registry.
٢٠٢٦-٠٤-١٢T٢١:٢٣:٣٧.٠٦٠-0700 [DEBUG] [org.gradle.cache.internal.DefaultFileLockManager] Waiting to acquire shared lock on daemon addresses registry.
٢٠٢٦-٠٤-١٢T٢١:٢٣:٣٧.٠٦١-0700 [DEBUG] [org.gradle.cache.internal.DefaultFileLockManager] Lock acquired on daemon addresses registry.
٢٠٢٦-٠٤-١٢T٢١:٢٣:٣٧.٠٦٣-0700 [DEBUG] [org.gradle.cache.internal.DefaultFileLockManager] Releasing lock on daemon addresses registry.
٢٠٢٦-٠٤-١٢T٢١:٢٣:٣٧.٠٦٧-0700 [DEBUG] [org.gradle.cache.internal.DefaultFileLockManager] Waiting to acquire shared lock on daemon addresses registry.
٢٠٢٦-٠٤-١٢T٢١:٢٣:٣٧.٠٦٨-0700 [DEBUG] [org.gradle.cache.internal.DefaultFileLockManager] Lock acquired on daemon addresses registry.
٢٠٢٦-٠٤-١٢T٢١:٢٣:٣٧.٠٦٩-0700 [DEBUG] [org.gradle.cache.internal.DefaultFileLockManager] Releasing lock on daemon addresses registry.
٢٠٢٦-٠٤-١٢T٢١:٢٣:٣٧.٠٧١-0700 [DEBUG] [org.gradle.cache.internal.DefaultFileLockManager] Waiting to acquire shared lock on daemon addresses registry.
٢٠٢٦-٠٤-١٢T٢١:٢٣:٣٧.٠٧١-0700 [DEBUG] [org.gradle.cache.internal.DefaultFileLockManager] Lock acquired on daemon addresses registry.
٢٠٢٦-٠٤-١٢T٢١:٢٣:٣٧.٠٧٣-0700 [DEBUG] [org.gradle.cache.internal.DefaultFileLockManager] Releasing lock on daemon addresses registry.
٢٠٢٦-٠٤-١٢T٢١:٢٣:٤٧.٠٥٩-0700 [DEBUG] [org.gradle.cache.internal.DefaultFileLockManager] Waiting to acquire shared lock on daemon addresses registry.
٢٠٢٦-٠٤-١٢T٢١:٢٣:٤٧.٠٦٠-0700 [DEBUG] [org.gradle.cache.internal.DefaultFileLockManager] Lock acquired on daemon addresses registry.
٢٠٢٦-٠٤-١٢T٢١:٢٣:٤٧.٠٦١-0700 [DEBUG] [org.gradle.cache.internal.DefaultFileLockManager] Releasing lock on daemon addresses registry.
٢٠٢٦-٠٤-١٢T٢١:٢٣:٤٧.٠٦٤-0700 [DEBUG] [org.gradle.cache.internal.DefaultFileLockManager] Waiting to acquire shared lock on daemon addresses registry.
٢٠٢٦-٠٤-١٢T٢١:٢٣:٤٧.٠٦٤-0700 [DEBUG] [org.gradle.cache.internal.DefaultFileLockManager] Lock acquired on daemon addresses registry.
٢٠٢٦-٠٤-١٢T٢١:٢٣:٤٧.٠٦٥-0700 [DEBUG] [org.gradle.cache.internal.DefaultFileLockManager] Releasing lock on daemon addresses registry.
٢٠٢٦-٠٤-١٢T٢١:٢٣:٤٧.٠٦٧-0700 [DEBUG] [org.gradle.cache.internal.DefaultFileLockManager] Waiting to acquire shared lock on daemon addresses registry.
٢٠٢٦-٠٤-١٢T٢١:٢٣:٤٧.٠٦٨-0700 [DEBUG] [org.gradle.cache.internal.DefaultFileLockManager] Lock acquired on daemon addresses registry.
٢٠٢٦-٠٤-١٢T٢١:٢٣:٤٧.٠٦٩-0700 [DEBUG] [org.gradle.cache.internal.DefaultFileLockManager] Releasing lock on daemon addresses registry.
٢٠٢٦-٠٤-١٢T٢١:٢٣:٥٧.٠٥٩-0700 [DEBUG] [org.gradle.cache.internal.DefaultFileLockManager] Waiting to acquire shared lock on daemon addresses registry.
٢٠٢٦-٠٤-١٢T٢١:٢٣:٥٧.٠٦٠-0700 [DEBUG] [org.gradle.cache.internal.DefaultFileLockManager] Lock acquired on daemon addresses registry.
٢٠٢٦-٠٤-١٢T٢١:٢٣:٥٧.٠٦١-0700 [DEBUG] [org.gradle.cache.internal.DefaultFileLockManager] Releasing lock on daemon addresses registry.
٢٠٢٦-٠٤-١٢T٢١:٢٣:٥٧.٠٦٤-0700 [DEBUG] [org.gradle.cache.internal.DefaultFileLockManager] Waiting to acquire shared lock on daemon addresses registry.
٢٠٢٦-٠٤-١٢T٢١:٢٣:٥٧.٠٦٥-0700 [DEBUG] [org.gradle.cache.internal.DefaultFileLockManager] Lock acquired on daemon addresses registry.
٢٠٢٦-٠٤-١٢T٢١:٢٣:٥٧.٠٦٦-0700 [DEBUG] [org.gradle.cache.internal.DefaultFileLockManager] Releasing lock on daemon addresses registry.
٢٠٢٦-٠٤-١٢T٢١:٢٣:٥٧.٠٦٨-0700 [DEBUG] [org.gradle.cache.internal.DefaultFileLockManager] Waiting to acquire shared lock on daemon addresses registry.
٢٠٢٦-٠٤-١٢T٢١:٢٣:٥٧.٠٦٨-0700 [DEBUG] [org.gradle.cache.internal.DefaultFileLockManager] Lock acquired on daemon addresses registry.
٢٠٢٦-٠٤-١٢T٢١:٢٣:٥٧.٠٦٩-0700 [DEBUG] [org.gradle.cache.internal.DefaultFileLockManager] Releasing lock on daemon addresses registry.
٢٠٢٦-٠٤-١٢T٢١:٢٤:٠٧.٠٥٧-0700 [DEBUG] [org.gradle.cache.internal.DefaultFileLockManager] Waiting to acquire shared lock on daemon addresses registry.
٢٠٢٦-٠٤-١٢T٢١:٢٤:٠٧.٠٥٨-0700 [DEBUG] [org.gradle.cache.internal.DefaultFileLockManager] Lock acquired on daemon addresses registry.
٢٠٢٦-٠٤-١٢T٢١:٢٤:٠٧.٠٥٩-0700 [DEBUG] [org.gradle.cache.internal.DefaultFileLockManager] Releasing lock on daemon addresses registry.
٢٠٢٦-٠٤-١٢T٢١:٢٤:٠٧.٠٦٢-0700 [DEBUG] [org.gradle.cache.internal.DefaultFileLockManager] Waiting to acquire shared lock on daemon addresses registry.
٢٠٢٦-٠٤-١٢T٢١:٢٤:٠٧.٠٦٣-0700 [DEBUG] [org.gradle.cache.internal.DefaultFileLockManager] Lock acquired on daemon addresses registry.
٢٠٢٦-٠٤-١٢T٢١:٢٤:٠٧.٠٦٤-0700 [DEBUG] [org.gradle.cache.internal.DefaultFileLockManager] Releasing lock on daemon addresses registry.
٢٠٢٦-٠٤-١٢T٢١:٢٤:٠٧.٠٦٦-0700 [DEBUG] [org.gradle.cache.internal.DefaultFileLockManager] Waiting to acquire shared lock on daemon addresses registry.
٢٠٢٦-٠٤-١٢T٢١:٢٤:٠٧.٠٦٧-0700 [DEBUG] [org.gradle.cache.internal.DefaultFileLockManager] Lock acquired on daemon addresses registry.
٢٠٢٦-٠٤-١٢T٢١:٢٤:٠٧.٠٦٨-0700 [DEBUG] [org.gradle.cache.internal.DefaultFileLockManager] Releasing lock on daemon addresses registry.
٢٠٢٦-٠٤-١٢T٢١:٢٤:١٧.٠٥٦-0700 [DEBUG] [org.gradle.cache.internal.DefaultFileLockManager] Waiting to acquire shared lock on daemon addresses registry.
٢٠٢٦-٠٤-١٢T٢١:٢٤:١٧.٠٥٦-0700 [DEBUG] [org.gradle.cache.internal.DefaultFileLockManager] Lock acquired on daemon addresses registry.
٢٠٢٦-٠٤-١٢T٢١:٢٤:١٧.٠٥٧-0700 [DEBUG] [org.gradle.cache.internal.DefaultFileLockManager] Releasing lock on daemon addresses registry.
٢٠٢٦-٠٤-١٢T٢١:٢٤:١٧.٠٦٠-0700 [DEBUG] [org.gradle.cache.internal.DefaultFileLockManager] Waiting to acquire shared lock on daemon addresses registry.
٢٠٢٦-٠٤-١٢T٢١:٢٤:١٧.٠٦١-0700 [DEBUG] [org.gradle.cache.internal.DefaultFileLockManager] Lock acquired on daemon addresses registry.
٢٠٢٦-٠٤-١٢T٢١:٢٤:١٧.٠٦٢-0700 [DEBUG] [org.gradle.cache.internal.DefaultFileLockManager] Releasing lock on daemon addresses registry.
٢٠٢٦-٠٤-١٢T٢١:٢٤:١٧.٠٦٥-0700 [DEBUG] [org.gradle.cache.internal.DefaultFileLockManager] Waiting to acquire shared lock on daemon addresses registry.
٢٠٢٦-٠٤-١٢T٢١:٢٤:١٧.٠٦٦-0700 [DEBUG] [org.gradle.cache.internal.DefaultFileLockManager] Lock acquired on daemon addresses registry.
٢٠٢٦-٠٤-١٢T٢١:٢٤:١٧.٠٦٧-0700 [DEBUG] [org.gradle.cache.internal.DefaultFileLockManager] Releasing lock on daemon addresses registry.
٢٠٢٦-٠٤-١٢T٢١:٢٤:٢٧.٠٥٦-0700 [DEBUG] [org.gradle.cache.internal.DefaultFileLockManager] Waiting to acquire shared lock on daemon addresses registry.
٢٠٢٦-٠٤-١٢T٢١:٢٤:٢٧.٠٥٧-0700 [DEBUG] [org.gradle.cache.internal.DefaultFileLockManager] Lock acquired on daemon addresses registry.
٢٠٢٦-٠٤-١٢T٢١:٢٤:٢٧.٠٥٨-0700 [DEBUG] [org.gradle.cache.internal.DefaultFileLockManager] Releasing lock on daemon addresses registry.
٢٠٢٦-٠٤-١٢T٢١:٢٤:٢٧.٠٦٠-0700 [DEBUG] [org.gradle.cache.internal.DefaultFileLockManager] Waiting to acquire shared lock on daemon addresses registry.
٢٠٢٦-٠٤-١٢T٢١:٢٤:٢٧.٠٦١-0700 [DEBUG] [org.gradle.cache.internal.DefaultFileLockManager] Lock acquired on daemon addresses registry.
٢٠٢٦-٠٤-١٢T٢١:٢٤:٢٧.٠٦٢-0700 [DEBUG] [org.gradle.cache.internal.DefaultFileLockManager] Releasing lock on daemon addresses registry.
٢٠٢٦-٠٤-١٢T٢١:٢٤:٢٧.٠٦٥-0700 [DEBUG] [org.gradle.cache.internal.DefaultFileLockManager] Waiting to acquire shared lock on daemon addresses registry.
٢٠٢٦-٠٤-١٢T٢١:٢٤:٢٧.٠٦٦-0700 [DEBUG] [org.gradle.cache.internal.DefaultFileLockManager] Lock acquired on daemon addresses registry.
٢٠٢٦-٠٤-١٢T٢١:٢٤:٢٧.٠٦٧-0700 [DEBUG] [org.gradle.cache.internal.DefaultFileLockManager] Releasing lock on daemon addresses registry.
٢٠٢٦-٠٤-١٢T٢١:٢٤:٣٧.٠٥٥-0700 [DEBUG] [org.gradle.cache.internal.DefaultFileLockManager] Waiting to acquire shared lock on daemon addresses registry.
٢٠٢٦-٠٤-١٢T٢١:٢٤:٣٧.٠٥٦-0700 [DEBUG] [org.gradle.cache.internal.DefaultFileLockManager] Lock acquired on daemon addresses registry.
٢٠٢٦-٠٤-١٢T٢١:٢٤:٣٧.٠٥٧-0700 [DEBUG] [org.gradle.cache.internal.DefaultFileLockManager] Releasing lock on daemon addresses registry.
٢٠٢٦-٠٤-١٢T٢١:٢٤:٣٧.٠٦٠-0700 [DEBUG] [org.gradle.cache.internal.DefaultFileLockManager] Waiting to acquire shared lock on daemon addresses registry.
٢٠٢٦-٠٤-١٢T٢١:٢٤:٣٧.٠٦٠-0700 [DEBUG] [org.gradle.cache.internal.DefaultFileLockManager] Lock acquired on daemon addresses registry.
٢٠٢٦-٠٤-١٢T٢١:٢٤:٣٧.٠٦١-0700 [DEBUG] [org.gradle.cache.internal.DefaultFileLockManager] Releasing lock on daemon addresses registry.
٢٠٢٦-٠٤-١٢T٢١:٢٤:٣٧.٠٦٣-0700 [DEBUG] [org.gradle.cache.internal.DefaultFileLockManager] Waiting to acquire shared lock on daemon addresses registry.
٢٠٢٦-٠٤-١٢T٢١:٢٤:٣٧.٠٦٤-0700 [DEBUG] [org.gradle.cache.internal.DefaultFileLockManager] Lock acquired on daemon addresses registry.
٢٠٢٦-٠٤-١٢T٢١:٢٤:٣٧.٠٦٥-0700 [DEBUG] [org.gradle.cache.internal.DefaultFileLockManager] Releasing lock on daemon addresses registry.
٢٠٢٦-٠٤-١٢T٢١:٢٤:٤٧.٠٤٥-0700 [DEBUG] [org.gradle.cache.internal.DefaultFileLockManager] Waiting to acquire shared lock on daemon addresses registry.
٢٠٢٦-٠٤-١٢T٢١:٢٤:٤٧.٠٤٦-0700 [DEBUG] [org.gradle.cache.internal.DefaultFileLockManager] Lock acquired on daemon addresses registry.
٢٠٢٦-٠٤-١٢T٢١:٢٤:٤٧.٠٤٨-0700 [DEBUG] [org.gradle.cache.internal.DefaultFileLockManager] Releasing lock on daemon addresses registry.
٢٠٢٦-٠٤-١٢T٢١:٢٤:٤٧.٠٥٦-0700 [DEBUG] [org.gradle.cache.internal.DefaultFileLockManager] Waiting to acquire shared lock on daemon addresses registry.
٢٠٢٦-٠٤-١٢T٢١:٢٤:٤٧.٠٥٧-0700 [DEBUG] [org.gradle.cache.internal.DefaultFileLockManager] Lock acquired on daemon addresses registry.
٢٠٢٦-٠٤-١٢T٢١:٢٤:٤٧.٠٥٩-0700 [DEBUG] [org.gradle.cache.internal.DefaultFileLockManager] Releasing lock on daemon addresses registry.
٢٠٢٦-٠٤-١٢T٢١:٢٤:٤٧.٠٦٥-0700 [DEBUG] [org.gradle.cache.internal.DefaultFileLockManager] Waiting to acquire shared lock on daemon addresses registry.
٢٠٢٦-٠٤-١٢T٢١:٢٤:٤٧.٠٦٧-0700 [DEBUG] [org.gradle.cache.internal.DefaultFileLockManager] Lock acquired on daemon addresses registry.
٢٠٢٦-٠٤-١٢T٢١:٢٤:٤٧.٠٧١-0700 [DEBUG] [org.gradle.cache.internal.DefaultFileLockManager] Releasing lock on daemon addresses registry.
٢٠٢٦-٠٤-١٢T٢١:٢٤:٥٧.٠٥٣-0700 [DEBUG] [org.gradle.cache.internal.DefaultFileLockManager] Waiting to acquire shared lock on daemon addresses registry.
٢٠٢٦-٠٤-١٢T٢١:٢٤:٥٧.٠٥٣-0700 [DEBUG] [org.gradle.cache.internal.DefaultFileLockManager] Lock acquired on daemon addresses registry.
٢٠٢٦-٠٤-١٢T٢١:٢٤:٥٧.٠٥٣-0700 [DEBUG] [org.gradle.cache.internal.DefaultFileLockManager] Releasing lock on daemon addresses registry.
٢٠٢٦-٠٤-١٢T٢١:٢٤:٥٧.٠٥٤-0700 [DEBUG] [org.gradle.cache.internal.DefaultFileLockManager] Waiting to acquire shared lock on daemon addresses registry.
٢٠٢٦-٠٤-١٢T٢١:٢٤:٥٧.٠٥٥-0700 [DEBUG] [org.gradle.cache.internal.DefaultFileLockManager] Lock acquired on daemon addresses registry.
٢٠٢٦-٠٤-١٢T٢١:٢٤:٥٧.٠٥٥-0700 [DEBUG] [org.gradle.cache.internal.DefaultFileLockManager] Releasing lock on daemon addresses registry.
٢٠٢٦-٠٤-١٢T٢١:٢٤:٥٧.٠٥٦-0700 [DEBUG] [org.gradle.cache.internal.DefaultFileLockManager] Waiting to acquire shared lock on daemon addresses registry.
٢٠٢٦-٠٤-١٢T٢١:٢٤:٥٧.٠٥٦-0700 [DEBUG] [org.gradle.cache.internal.DefaultFileLockManager] Lock acquired on daemon addresses registry.
٢٠٢٦-٠٤-١٢T٢١:٢٤:٥٧.٠٥٧-0700 [DEBUG] [org.gradle.cache.internal.DefaultFileLockManager] Releasing lock on daemon addresses registry.
٢٠٢٦-٠٤-١٢T٢١:٢٥:٠٧.٠٥٣-0700 [DEBUG] [org.gradle.cache.internal.DefaultFileLockManager] Waiting to acquire shared lock on daemon addresses registry.
٢٠٢٦-٠٤-١٢T٢١:٢٥:٠٧.٠٥٤-0700 [DEBUG] [org.gradle.cache.internal.DefaultFileLockManager] Lock acquired on daemon addresses registry.
٢٠٢٦-٠٤-١٢T٢١:٢٥:٠٧.٠٥٥-0700 [DEBUG] [org.gradle.cache.internal.DefaultFileLockManager] Releasing lock on daemon addresses registry.
٢٠٢٦-٠٤-١٢T٢١:٢٥:٠٧.٠٥٨-0700 [DEBUG] [org.gradle.cache.internal.DefaultFileLockManager] Waiting to acquire shared lock on daemon addresses registry.
٢٠٢٦-٠٤-١٢T٢١:٢٥:٠٧.٠٥٨-0700 [DEBUG] [org.gradle.cache.internal.DefaultFileLockManager] Lock acquired on daemon addresses registry.
٢٠٢٦-٠٤-١٢T٢١:٢٥:٠٧.٠٦٠-0700 [DEBUG] [org.gradle.cache.internal.DefaultFileLockManager] Releasing lock on daemon addresses registry.
٢٠٢٦-٠٤-١٢T٢١:٢٥:٠٧.٠٦٢-0700 [DEBUG] [org.gradle.cache.internal.DefaultFileLockManager] Waiting to acquire shared lock on daemon addresses registry.
٢٠٢٦-٠٤-١٢T٢١:٢٥:٠٧.٠٦٣-0700 [DEBUG] [org.gradle.cache.internal.DefaultFileLockManager] Lock acquired on daemon addresses registry.
٢٠٢٦-٠٤-١٢T٢١:٢٥:٠٧.٠٦٤-0700 [DEBUG] [org.gradle.cache.internal.DefaultFileLockManager] Releasing lock on daemon addresses registry.
٢٠٢٦-٠٤-١٢T٢١:٢٥:١٧.٠٥٣-0700 [DEBUG] [org.gradle.cache.internal.DefaultFileLockManager] Waiting to acquire shared lock on daemon addresses registry.
٢٠٢٦-٠٤-١٢T٢١:٢٥:١٧.٠٥٤-0700 [DEBUG] [org.gradle.cache.internal.DefaultFileLockManager] Lock acquired on daemon addresses registry.
٢٠٢٦-٠٤-١٢T٢١:٢٥:١٧.٠٥٤-0700 [DEBUG] [org.gradle.cache.internal.DefaultFileLockManager] Releasing lock on daemon addresses registry.
٢٠٢٦-٠٤-١٢T٢١:٢٥:١٧.٠٥٧-0700 [DEBUG] [org.gradle.cache.internal.DefaultFileLockManager] Waiting to acquire shared lock on daemon addresses registry.
٢٠٢٦-٠٤-١٢T٢١:٢٥:١٧.٠٥٧-0700 [DEBUG] [org.gradle.cache.internal.DefaultFileLockManager] Lock acquired on daemon addresses registry.
٢٠٢٦-٠٤-١٢T٢١:٢٥:١٧.٠٥٨-0700 [DEBUG] [org.gradle.cache.internal.DefaultFileLockManager] Releasing lock on daemon addresses registry.
٢٠٢٦-٠٤-١٢T٢١:٢٥:١٧.٠٦٠-0700 [DEBUG] [org.gradle.cache.internal.DefaultFileLockManager] Waiting to acquire shared lock on daemon addresses registry.
٢٠٢٦-٠٤-١٢T٢١:٢٥:١٧.٠٦١-0700 [DEBUG] [org.gradle.cache.internal.DefaultFileLockManager] Lock acquired on daemon addresses registry.
٢٠٢٦-٠٤-١٢T٢١:٢٥:١٧.٠٦٢-0700 [DEBUG] [org.gradle.cache.internal.DefaultFileLockManager] Releasing lock on daemon addresses registry.
٢٠٢٦-٠٤-١٢T٢١:٢٥:٢٧.٠٥١-0700 [DEBUG] [org.gradle.cache.internal.DefaultFileLockManager] Waiting to acquire shared lock on daemon addresses registry.
٢٠٢٦-٠٤-١٢T٢١:٢٥:٢٧.٠٥٢-0700 [DEBUG] [org.gradle.cache.internal.DefaultFileLockManager] Lock acquired on daemon addresses registry.
٢٠٢٦-٠٤-١٢T٢١:٢٥:٢٧.٠٥٣-0700 [DEBUG] [org.gradle.cache.internal.DefaultFileLockManager] Releasing lock on daemon addresses registry.
٢٠٢٦-٠٤-١٢T٢١:٢٥:٢٧.٠٥٥-0700 [DEBUG] [org.gradle.cache.internal.DefaultFileLockManager] Waiting to acquire shared lock on daemon addresses registry.
٢٠٢٦-٠٤-١٢T٢١:٢٥:٢٧.٠٥٦-0700 [DEBUG] [org.gradle.cache.internal.DefaultFileLockManager] Lock acquired on daemon addresses registry.
٢٠٢٦-٠٤-١٢T٢١:٢٥:٢٧.٠٥٧-0700 [DEBUG] [org.gradle.cache.internal.DefaultFileLockManager] Releasing lock on daemon addresses registry.
٢٠٢٦-٠٤-١٢T٢١:٢٥:٢٧.٠٥٨-0700 [DEBUG] [org.gradle.cache.internal.DefaultFileLockManager] Waiting to acquire shared lock on daemon addresses registry.
٢٠٢٦-٠٤-١٢T٢١:٢٥:٢٧.٠٥٩-0700 [DEBUG] [org.gradle.cache.internal.DefaultFileLockManager] Lock acquired on daemon addresses registry.
٢٠٢٦-٠٤-١٢T٢١:٢٥:٢٧.٠٦٠-0700 [DEBUG] [org.gradle.cache.internal.DefaultFileLockManager] Releasing lock on daemon addresses registry.
٢٠٢٦-٠٤-١٢T٢١:٢٥:٣٧.٠٥١-0700 [DEBUG] [org.gradle.cache.internal.DefaultFileLockManager] Waiting to acquire shared lock on daemon addresses registry.
٢٠٢٦-٠٤-١٢T٢١:٢٥:٣٧.٠٥٢-0700 [DEBUG] [org.gradle.cache.internal.DefaultFileLockManager] Lock acquired on daemon addresses registry.
٢٠٢٦-٠٤-١٢T٢١:٢٥:٣٧.٠٥٣-0700 [DEBUG] [org.gradle.cache.internal.DefaultFileLockManager] Releasing lock on daemon addresses registry.
٢٠٢٦-٠٤-١٢T٢١:٢٥:٣٧.٠٥٦-0700 [DEBUG] [org.gradle.cache.internal.DefaultFileLockManager] Waiting to acquire shared lock on daemon addresses registry.
٢٠٢٦-٠٤-١٢T٢١:٢٥:٣٧.٠٥٧-0700 [DEBUG] [org.gradle.cache.internal.DefaultFileLockManager] Lock acquired on daemon addresses registry.
٢٠٢٦-٠٤-١٢T٢١:٢٥:٣٧.٠٥٨-0700 [DEBUG] [org.gradle.cache.internal.DefaultFileLockManager] Releasing lock on daemon addresses registry.
٢٠٢٦-٠٤-١٢T٢١:٢٥:٣٧.٠٥٩-0700 [DEBUG] [org.gradle.cache.internal.DefaultFileLockManager] Waiting to acquire shared lock on daemon addresses registry.
٢٠٢٦-٠٤-١٢T٢١:٢٥:٣٧.٠٦٠-0700 [DEBUG] [org.gradle.cache.internal.DefaultFileLockManager] Lock acquired on daemon addresses registry.
٢٠٢٦-٠٤-١٢T٢١:٢٥:٣٧.٠٦١-0700 [DEBUG] [org.gradle.cache.internal.DefaultFileLockManager] Releasing lock on daemon addresses registry.
٢٠٢٦-٠٤-١٢T٢١:٢٥:٤٧.٠٥١-0700 [DEBUG] [org.gradle.cache.internal.DefaultFileLockManager] Waiting to acquire shared lock on daemon addresses registry.
٢٠٢٦-٠٤-١٢T٢١:٢٥:٤٧.٠٥٢-0700 [DEBUG] [org.gradle.cache.internal.DefaultFileLockManager] Lock acquired on daemon addresses registry.
٢٠٢٦-٠٤-١٢T٢١:٢٥:٤٧.٠٥٣-0700 [DEBUG] [org.gradle.cache.internal.DefaultFileLockManager] Releasing lock on daemon addresses registry.
٢٠٢٦-٠٤-١٢T٢١:٢٥:٤٧.٠٥٥-0700 [DEBUG] [org.gradle.cache.internal.DefaultFileLockManager] Waiting to acquire shared lock on daemon addresses registry.
٢٠٢٦-٠٤-١٢T٢١:٢٥:٤٧.٠٥٦-0700 [DEBUG] [org.gradle.cache.internal.DefaultFileLockManager] Lock acquired on daemon addresses registry.
٢٠٢٦-٠٤-١٢T٢١:٢٥:٤٧.٠٥٦-0700 [DEBUG] [org.gradle.cache.internal.DefaultFileLockManager] Releasing lock on daemon addresses registry.
٢٠٢٦-٠٤-١٢T٢١:٢٥:٤٧.٠٥٨-0700 [DEBUG] [org.gradle.cache.internal.DefaultFileLockManager] Waiting to acquire shared lock on daemon addresses registry.
٢٠٢٦-٠٤-١٢T٢١:٢٥:٤٧.٠٥٩-0700 [DEBUG] [org.gradle.cache.internal.DefaultFileLockManager] Lock acquired on daemon addresses registry.
٢٠٢٦-٠٤-١٢T٢١:٢٥:٤٧.٠٥٩-0700 [DEBUG] [org.gradle.cache.internal.DefaultFileLockManager] Releasing lock on daemon addresses registry.
٢٠٢٦-٠٤-١٢T٢١:٢٥:٥٧.٠٤٩-0700 [DEBUG] [org.gradle.cache.internal.DefaultFileLockManager] Waiting to acquire shared lock on daemon addresses registry.
٢٠٢٦-٠٤-١٢T٢١:٢٥:٥٧.٠٥٠-0700 [DEBUG] [org.gradle.cache.internal.DefaultFileLockManager] Lock acquired on daemon addresses registry.
٢٠٢٦-٠٤-١٢T٢١:٢٥:٥٧.٠٥١-0700 [DEBUG] [org.gradle.cache.internal.DefaultFileLockManager] Releasing lock on daemon addresses registry.
٢٠٢٦-٠٤-١٢T٢١:٢٥:٥٧.٠٥٤-0700 [DEBUG] [org.gradle.cache.internal.DefaultFileLockManager] Waiting to acquire shared lock on daemon addresses registry.
٢٠٢٦-٠٤-١٢T٢١:٢٥:٥٧.٠٥٥-0700 [DEBUG] [org.gradle.cache.internal.DefaultFileLockManager] Lock acquired on daemon addresses registry.
٢٠٢٦-٠٤-١٢T٢١:٢٥:٥٧.٠٥٥-0700 [DEBUG] [org.gradle.cache.internal.DefaultFileLockManager] Releasing lock on daemon addresses registry.
٢٠٢٦-٠٤-١٢T٢١:٢٥:٥٧.٠٥٧-0700 [DEBUG] [org.gradle.cache.internal.DefaultFileLockManager] Waiting to acquire shared lock on daemon addresses registry.
٢٠٢٦-٠٤-١٢T٢١:٢٥:٥٧.٠٥٨-0700 [DEBUG] [org.gradle.cache.internal.DefaultFileLockManager] Lock acquired on daemon addresses registry.
٢٠٢٦-٠٤-١٢T٢١:٢٥:٥٧.٠٥٨-0700 [DEBUG] [org.gradle.cache.internal.DefaultFileLockManager] Releasing lock on daemon addresses registry.
٢٠٢٦-٠٤-١٢T٢١:٢٦:٠٧.٠٤٩-0700 [DEBUG] [org.gradle.cache.internal.DefaultFileLockManager] Waiting to acquire shared lock on daemon addresses registry.
٢٠٢٦-٠٤-١٢T٢١:٢٦:٠٧.٠٥٠-0700 [DEBUG] [org.gradle.cache.internal.DefaultFileLockManager] Lock acquired on daemon addresses registry.
٢٠٢٦-٠٤-١٢T٢١:٢٦:٠٧.٠٥١-0700 [DEBUG] [org.gradle.cache.internal.DefaultFileLockManager] Releasing lock on daemon addresses registry.
٢٠٢٦-٠٤-١٢T٢١:٢٦:٠٧.٠٥٣-0700 [DEBUG] [org.gradle.cache.internal.DefaultFileLockManager] Waiting to acquire shared lock on daemon addresses registry.
٢٠٢٦-٠٤-١٢T٢١:٢٦:٠٧.٠٥٤-0700 [DEBUG] [org.gradle.cache.internal.DefaultFileLockManager] Lock acquired on daemon addresses registry.
٢٠٢٦-٠٤-١٢T٢١:٢٦:٠٧.٠٥٥-0700 [DEBUG] [org.gradle.cache.internal.DefaultFileLockManager] Releasing lock on daemon addresses registry.
٢٠٢٦-٠٤-١٢T٢١:٢٦:٠٧.٠٥٦-0700 [DEBUG] [org.gradle.cache.internal.DefaultFileLockManager] Waiting to acquire shared lock on daemon addresses registry.
٢٠٢٦-٠٤-١٢T٢١:٢٦:٠٧.٠٥٧-0700 [DEBUG] [org.gradle.cache.internal.DefaultFileLockManager] Lock acquired on daemon addresses registry.
٢٠٢٦-٠٤-١٢T٢١:٢٦:٠٧.٠٥٨-0700 [DEBUG] [org.gradle.cache.internal.DefaultFileLockManager] Releasing lock on daemon addresses registry.
٢٠٢٦-٠٤-١٢T٢١:٢٦:١٧.٠٦٤-0700 [DEBUG] [org.gradle.cache.internal.DefaultFileLockManager] Waiting to acquire shared lock on daemon addresses registry.
٢٠٢٦-٠٤-١٢T٢١:٢٦:١٧.٠٦٥-0700 [DEBUG] [org.gradle.cache.internal.DefaultFileLockManager] Lock acquired on daemon addresses registry.
٢٠٢٦-٠٤-١٢T٢١:٢٦:١٧.٠٦٦-0700 [DEBUG] [org.gradle.cache.internal.DefaultFileLockManager] Releasing lock on daemon addresses registry.
٢٠٢٦-٠٤-١٢T٢١:٢٦:١٧.٠٦٨-0700 [DEBUG] [org.gradle.cache.internal.DefaultFileLockManager] Waiting to acquire shared lock on daemon addresses registry.
٢٠٢٦-٠٤-١٢T٢١:٢٦:١٧.٠٦٩-0700 [DEBUG] [org.gradle.cache.internal.DefaultFileLockManager] Lock acquired on daemon addresses registry.
٢٠٢٦-٠٤-١٢T٢١:٢٦:١٧.٠٦٩-0700 [DEBUG] [org.gradle.cache.internal.DefaultFileLockManager] Releasing lock on daemon addresses registry.
٢٠٢٦-٠٤-١٢T٢١:٢٦:١٧.٠٧١-0700 [DEBUG] [org.gradle.cache.internal.DefaultFileLockManager] Waiting to acquire shared lock on daemon addresses registry.
٢٠٢٦-٠٤-١٢T٢١:٢٦:١٧.٠٧٢-0700 [DEBUG] [org.gradle.cache.internal.DefaultFileLockManager] Lock acquired on daemon addresses registry.
٢٠٢٦-٠٤-١٢T٢١:٢٦:١٧.٠٧٣-0700 [DEBUG] [org.gradle.cache.internal.DefaultFileLockManager] Releasing lock on daemon addresses registry.
٢٠٢٦-٠٤-١٢T٢١:٢٦:٢٧.٠٦٣-0700 [DEBUG] [org.gradle.cache.internal.DefaultFileLockManager] Waiting to acquire shared lock on daemon addresses registry.
٢٠٢٦-٠٤-١٢T٢١:٢٦:٢٧.٠٦٤-0700 [DEBUG] [org.gradle.cache.internal.DefaultFileLockManager] Lock acquired on daemon addresses registry.
٢٠٢٦-٠٤-١٢T٢١:٢٦:٢٧.٠٦٤-0700 [DEBUG] [org.gradle.cache.internal.DefaultFileLockManager] Releasing lock on daemon addresses registry.
٢٠٢٦-٠٤-١٢T٢١:٢٦:٢٧.٠٦٧-0700 [DEBUG] [org.gradle.cache.internal.DefaultFileLockManager] Waiting to acquire shared lock on daemon addresses registry.
٢٠٢٦-٠٤-١٢T٢١:٢٦:٢٧.٠٦٧-0700 [DEBUG] [org.gradle.cache.internal.DefaultFileLockManager] Lock acquired on daemon addresses registry.
٢٠٢٦-٠٤-١٢T٢١:٢٦:٢٧.٠٦٨-0700 [DEBUG] [org.gradle.cache.internal.DefaultFileLockManager] Releasing lock on daemon addresses registry.
٢٠٢٦-٠٤-١٢T٢١:٢٦:٢٧.٠٧٠-0700 [DEBUG] [org.gradle.cache.internal.DefaultFileLockManager] Waiting to acquire shared lock on daemon addresses registry.
٢٠٢٦-٠٤-١٢T٢١:٢٦:٢٧.٠٧٠-0700 [DEBUG] [org.gradle.cache.internal.DefaultFileLockManager] Lock acquired on daemon addresses registry.
٢٠٢٦-٠٤-١٢T٢١:٢٦:٢٧.٠٧١-0700 [DEBUG] [org.gradle.cache.internal.DefaultFileLockManager] Releasing lock on daemon addresses registry.
٢٠٢٦-٠٤-١٢T٢١:٢٦:٣٧.٠٦٣-0700 [DEBUG] [org.gradle.cache.internal.DefaultFileLockManager] Waiting to acquire shared lock on daemon addresses registry.
٢٠٢٦-٠٤-١٢T٢١:٢٦:٣٧.٠٦٣-0700 [DEBUG] [org.gradle.cache.internal.DefaultFileLockManager] Lock acquired on daemon addresses registry.
٢٠٢٦-٠٤-١٢T٢١:٢٦:٣٧.٠٦٤-0700 [DEBUG] [org.gradle.cache.internal.DefaultFileLockManager] Releasing lock on daemon addresses registry.
٢٠٢٦-٠٤-١٢T٢١:٢٦:٣٧.٠٦٦-0700 [DEBUG] [org.gradle.cache.internal.DefaultFileLockManager] Waiting to acquire shared lock on daemon addresses registry.
٢٠٢٦-٠٤-١٢T٢١:٢٦:٣٧.٠٦٧-0700 [DEBUG] [org.gradle.cache.internal.DefaultFileLockManager] Lock acquired on daemon addresses registry.
٢٠٢٦-٠٤-١٢T٢١:٢٦:٣٧.٠٦٨-0700 [DEBUG] [org.gradle.cache.internal.DefaultFileLockManager] Releasing lock on daemon addresses registry.
٢٠٢٦-٠٤-١٢T٢١:٢٦:٣٧.٠٦٩-0700 [DEBUG] [org.gradle.cache.internal.DefaultFileLockManager] Waiting to acquire shared lock on daemon addresses registry.
٢٠٢٦-٠٤-١٢T٢١:٢٦:٣٧.٠٧٠-0700 [DEBUG] [org.gradle.cache.internal.DefaultFileLockManager] Lock acquired on daemon addresses registry.
٢٠٢٦-٠٤-١٢T٢١:٢٦:٣٧.٠٧١-0700 [DEBUG] [org.gradle.cache.internal.DefaultFileLockManager] Releasing lock on daemon addresses registry.
٢٠٢٦-٠٤-١٢T٢١:٢٦:٤٧.٠٦٢-0700 [DEBUG] [org.gradle.cache.internal.DefaultFileLockManager] Waiting to acquire shared lock on daemon addresses registry.
٢٠٢٦-٠٤-١٢T٢١:٢٦:٤٧.٠٦٣-0700 [DEBUG] [org.gradle.cache.internal.DefaultFileLockManager] Lock acquired on daemon addresses registry.
٢٠٢٦-٠٤-١٢T٢١:٢٦:٤٧.٠٦٤-0700 [DEBUG] [org.gradle.cache.internal.DefaultFileLockManager] Releasing lock on daemon addresses registry.
٢٠٢٦-٠٤-١٢T٢١:٢٦:٤٧.٠٦٦-0700 [DEBUG] [org.gradle.cache.internal.DefaultFileLockManager] Waiting to acquire shared lock on daemon addresses registry.
٢٠٢٦-٠٤-١٢T٢١:٢٦:٤٧.٠٦٦-0700 [DEBUG] [org.gradle.cache.internal.DefaultFileLockManager] Lock acquired on daemon addresses registry.
٢٠٢٦-٠٤-١٢T٢١:٢٦:٤٧.٠٦٧-0700 [DEBUG] [org.gradle.cache.internal.DefaultFileLockManager] Releasing lock on daemon addresses registry.
٢٠٢٦-٠٤-١٢T٢١:٢٦:٤٧.٠٦٩-0700 [DEBUG] [org.gradle.cache.internal.DefaultFileLockManager] Waiting to acquire shared lock on daemon addresses registry.
٢٠٢٦-٠٤-١٢T٢١:٢٦:٤٧.٠٦٩-0700 [DEBUG] [org.gradle.cache.internal.DefaultFileLockManager] Lock acquired on daemon addresses registry.
٢٠٢٦-٠٤-١٢T٢١:٢٦:٤٧.٠٧٠-0700 [DEBUG] [org.gradle.cache.internal.DefaultFileLockManager] Releasing lock on daemon addresses registry.
٢٠٢٦-٠٤-١٢T٢١:٢٦:٥٧.٠٦٠-0700 [DEBUG] [org.gradle.cache.internal.DefaultFileLockManager] Waiting to acquire shared lock on daemon addresses registry.
٢٠٢٦-٠٤-١٢T٢١:٢٦:٥٧.٠٦١-0700 [DEBUG] [org.gradle.cache.internal.DefaultFileLockManager] Lock acquired on daemon addresses registry.
٢٠٢٦-٠٤-١٢T٢١:٢٦:٥٧.٠٦١-0700 [DEBUG] [org.gradle.cache.internal.DefaultFileLockManager] Releasing lock on daemon addresses registry.
٢٠٢٦-٠٤-١٢T٢١:٢٦:٥٧.٠٦٤-0700 [DEBUG] [org.gradle.cache.internal.DefaultFileLockManager] Waiting to acquire shared lock on daemon addresses registry.
٢٠٢٦-٠٤-١٢T٢١:٢٦:٥٧.٠٦٤-0700 [DEBUG] [org.gradle.cache.internal.DefaultFileLockManager] Lock acquired on daemon addresses registry.
٢٠٢٦-٠٤-١٢T٢١:٢٦:٥٧.٠٦٥-0700 [DEBUG] [org.gradle.cache.internal.DefaultFileLockManager] Releasing lock on daemon addresses registry.
٢٠٢٦-٠٤-١٢T٢١:٢٦:٥٧.٠٦٧-0700 [DEBUG] [org.gradle.cache.internal.DefaultFileLockManager] Waiting to acquire shared lock on daemon addresses registry.
٢٠٢٦-٠٤-١٢T٢١:٢٦:٥٧.٠٦٧-0700 [DEBUG] [org.gradle.cache.internal.DefaultFileLockManager] Lock acquired on daemon addresses registry.
٢٠٢٦-٠٤-١٢T٢١:٢٦:٥٧.٠٦٨-0700 [DEBUG] [org.gradle.cache.internal.DefaultFileLockManager] Releasing lock on daemon addresses registry.
٢٠٢٦-٠٤-١٢T٢١:٢٧:٠٧.٠٦٠-0700 [DEBUG] [org.gradle.cache.internal.DefaultFileLockManager] Waiting to acquire shared lock on daemon addresses registry.
٢٠٢٦-٠٤-١٢T٢١:٢٧:٠٧.٠٦١-0700 [DEBUG] [org.gradle.cache.internal.DefaultFileLockManager] Lock acquired on daemon addresses registry.
٢٠٢٦-٠٤-١٢T٢١:٢٧:٠٧.٠٦٢-0700 [DEBUG] [org.gradle.cache.internal.DefaultFileLockManager] Releasing lock on daemon addresses registry.
٢٠٢٦-٠٤-١٢T٢١:٢٧:٠٧.٠٦٤-0700 [DEBUG] [org.gradle.cache.internal.DefaultFileLockManager] Waiting to acquire shared lock on daemon addresses registry.
٢٠٢٦-٠٤-١٢T٢١:٢٧:٠٧.٠٦٤-0700 [DEBUG] [org.gradle.cache.internal.DefaultFileLockManager] Lock acquired on daemon addresses registry.
٢٠٢٦-٠٤-١٢T٢١:٢٧:٠٧.٠٦٥-0700 [DEBUG] [org.gradle.cache.internal.DefaultFileLockManager] Releasing lock on daemon addresses registry.
٢٠٢٦-٠٤-١٢T٢١:٢٧:٠٧.٠٦٧-0700 [DEBUG] [org.gradle.cache.internal.DefaultFileLockManager] Waiting to acquire shared lock on daemon addresses registry.
٢٠٢٦-٠٤-١٢T٢١:٢٧:٠٧.٠٦٧-0700 [DEBUG] [org.gradle.cache.internal.DefaultFileLockManager] Lock acquired on daemon addresses registry.
٢٠٢٦-٠٤-١٢T٢١:٢٧:٠٧.٠٦٨-0700 [DEBUG] [org.gradle.cache.internal.DefaultFileLockManager] Releasing lock on daemon addresses registry.
٢٠٢٦-٠٤-١٢T٢١:٢٧:١٧.٠٥٩-0700 [DEBUG] [org.gradle.cache.internal.DefaultFileLockManager] Waiting to acquire shared lock on daemon addresses registry.
٢٠٢٦-٠٤-١٢T٢١:٢٧:١٧.٠٦٠-0700 [DEBUG] [org.gradle.cache.internal.DefaultFileLockManager] Lock acquired on daemon addresses registry.
٢٠٢٦-٠٤-١٢T٢١:٢٧:١٧.٠٦٠-0700 [DEBUG] [org.gradle.cache.internal.DefaultFileLockManager] Releasing lock on daemon addresses registry.
٢٠٢٦-٠٤-١٢T٢١:٢٧:١٧.٠٦١-0700 [DEBUG] [org.gradle.cache.internal.DefaultFileLockManager] Waiting to acquire shared lock on daemon addresses registry.
٢٠٢٦-٠٤-١٢T٢١:٢٧:١٧.٠٦٢-0700 [DEBUG] [org.gradle.cache.internal.DefaultFileLockManager] Lock acquired on daemon addresses registry.
٢٠٢٦-٠٤-١٢T٢١:٢٧:١٧.٠٦٢-0700 [DEBUG] [org.gradle.cache.internal.DefaultFileLockManager] Releasing lock on daemon addresses registry.
٢٠٢٦-٠٤-١٢T٢١:٢٧:١٧.٠٦٣-0700 [DEBUG] [org.gradle.cache.internal.DefaultFileLockManager] Waiting to acquire shared lock on daemon addresses registry.
٢٠٢٦-٠٤-١٢T٢١:٢٧:١٧.٠٦٣-0700 [DEBUG] [org.gradle.cache.internal.DefaultFileLockManager] Lock acquired on daemon addresses registry.
٢٠٢٦-٠٤-١٢T٢١:٢٧:١٧.٠٦٣-0700 [DEBUG] [org.gradle.cache.internal.DefaultFileLockManager] Releasing lock on daemon addresses registry.
٢٠٢٦-٠٤-١٢T٢١:٢٧:٢٧.٠٦٣-0700 [DEBUG] [org.gradle.cache.internal.DefaultFileLockManager] Waiting to acquire shared lock on daemon addresses registry.
٢٠٢٦-٠٤-١٢T٢١:٢٧:٢٧.٠٦٤-0700 [DEBUG] [org.gradle.cache.internal.DefaultFileLockManager] Lock acquired on daemon addresses registry.
٢٠٢٦-٠٤-١٢T٢١:٢٧:٢٧.٠٦٥-0700 [DEBUG] [org.gradle.cache.internal.DefaultFileLockManager] Releasing lock on daemon addresses registry.
٢٠٢٦-٠٤-١٢T٢١:٢٧:٢٧.٠٦٩-0700 [DEBUG] [org.gradle.cache.internal.DefaultFileLockManager] Waiting to acquire shared lock on daemon addresses registry.
٢٠٢٦-٠٤-١٢T٢١:٢٧:٢٧.٠٧٠-0700 [DEBUG] [org.gradle.cache.internal.DefaultFileLockManager] Lock acquired on daemon addresses registry.
٢٠٢٦-٠٤-١٢T٢١:٢٧:٢٧.٠٧١-0700 [DEBUG] [org.gradle.cache.internal.DefaultFileLockManager] Releasing lock on daemon addresses registry.
٢٠٢٦-٠٤-١٢T٢١:٢٧:٢٧.٠٧٤-0700 [DEBUG] [org.gradle.cache.internal.DefaultFileLockManager] Waiting to acquire shared lock on daemon addresses registry.
٢٠٢٦-٠٤-١٢T٢١:٢٧:٢٧.٠٧٤-0700 [DEBUG] [org.gradle.cache.internal.DefaultFileLockManager] Lock acquired on daemon addresses registry.
٢٠٢٦-٠٤-١٢T٢١:٢٧:٢٧.٠٧٦-0700 [DEBUG] [org.gradle.cache.internal.DefaultFileLockManager] Releasing lock on daemon addresses registry.
٢٠٢٦-٠٤-١٢T٢١:٢٧:٣٧.٠٦٢-0700 [DEBUG] [org.gradle.cache.internal.DefaultFileLockManager] Waiting to acquire shared lock on daemon addresses registry.
٢٠٢٦-٠٤-١٢T٢١:٢٧:٣٧.٠٦٢-0700 [DEBUG] [org.gradle.cache.internal.DefaultFileLockManager] Lock acquired on daemon addresses registry.
٢٠٢٦-٠٤-١٢T٢١:٢٧:٣٧.٠٦٣-0700 [DEBUG] [org.gradle.cache.internal.DefaultFileLockManager] Releasing lock on daemon addresses registry.
٢٠٢٦-٠٤-١٢T٢١:٢٧:٣٧.٠٦٥-0700 [DEBUG] [org.gradle.cache.internal.DefaultFileLockManager] Waiting to acquire shared lock on daemon addresses registry.
٢٠٢٦-٠٤-١٢T٢١:٢٧:٣٧.٠٦٦-0700 [DEBUG] [org.gradle.cache.internal.DefaultFileLockManager] Lock acquired on daemon addresses registry.
٢٠٢٦-٠٤-١٢T٢١:٢٧:٣٧.٠٦٧-0700 [DEBUG] [org.gradle.cache.internal.DefaultFileLockManager] Releasing lock on daemon addresses registry.
٢٠٢٦-٠٤-١٢T٢١:٢٧:٣٧.٠٦٨-0700 [DEBUG] [org.gradle.cache.internal.DefaultFileLockManager] Waiting to acquire shared lock on daemon addresses registry.
٢٠٢٦-٠٤-١٢T٢١:٢٧:٣٧.٠٦٩-0700 [DEBUG] [org.gradle.cache.internal.DefaultFileLockManager] Lock acquired on daemon addresses registry.
٢٠٢٦-٠٤-١٢T٢١:٢٧:٣٧.٠٦٩-0700 [DEBUG] [org.gradle.cache.internal.DefaultFileLockManager] Releasing lock on daemon addresses registry.
٢٠٢٦-٠٤-١٢T٢١:٢٧:٤٧.٠٦١-0700 [DEBUG] [org.gradle.cache.internal.DefaultFileLockManager] Waiting to acquire shared lock on daemon addresses registry.
٢٠٢٦-٠٤-١٢T٢١:٢٧:٤٧.٠٦١-0700 [DEBUG] [org.gradle.cache.internal.DefaultFileLockManager] Lock acquired on daemon addresses registry.
٢٠٢٦-٠٤-١٢T٢١:٢٧:٤٧.٠٦٢-0700 [DEBUG] [org.gradle.cache.internal.DefaultFileLockManager] Releasing lock on daemon addresses registry.
٢٠٢٦-٠٤-١٢T٢١:٢٧:٤٧.٠٦٤-0700 [DEBUG] [org.gradle.cache.internal.DefaultFileLockManager] Waiting to acquire shared lock on daemon addresses registry.
٢٠٢٦-٠٤-١٢T٢١:٢٧:٤٧.٠٦٥-0700 [DEBUG] [org.gradle.cache.internal.DefaultFileLockManager] Lock acquired on daemon addresses registry.
٢٠٢٦-٠٤-١٢T٢١:٢٧:٤٧.٠٦٥-0700 [DEBUG] [org.gradle.cache.internal.DefaultFileLockManager] Releasing lock on daemon addresses registry.
٢٠٢٦-٠٤-١٢T٢١:٢٧:٤٧.٠٦٧-0700 [DEBUG] [org.gradle.cache.internal.DefaultFileLockManager] Waiting to acquire shared lock on daemon addresses registry.
٢٠٢٦-٠٤-١٢T٢١:٢٧:٤٧.٠٦٨-0700 [DEBUG] [org.gradle.cache.internal.DefaultFileLockManager] Lock acquired on daemon addresses registry.
٢٠٢٦-٠٤-١٢T٢١:٢٧:٤٧.٠٦٨-0700 [DEBUG] [org.gradle.cache.internal.DefaultFileLockManager] Releasing lock on daemon addresses registry.
٢٠٢٦-٠٤-١٢T٢١:٢٧:٥٧.٠٦١-0700 [DEBUG] [org.gradle.cache.internal.DefaultFileLockManager] Waiting to acquire shared lock on daemon addresses registry.
٢٠٢٦-٠٤-١٢T٢١:٢٧:٥٧.٠٦٢-0700 [DEBUG] [org.gradle.cache.internal.DefaultFileLockManager] Lock acquired on daemon addresses registry.
٢٠٢٦-٠٤-١٢T٢١:٢٧:٥٧.٠٦٣-0700 [DEBUG] [org.gradle.cache.internal.DefaultFileLockManager] Releasing lock on daemon addresses registry.
٢٠٢٦-٠٤-١٢T٢١:٢٧:٥٧.٠٦٥-0700 [DEBUG] [org.gradle.cache.internal.DefaultFileLockManager] Waiting to acquire shared lock on daemon addresses registry.
٢٠٢٦-٠٤-١٢T٢١:٢٧:٥٧.٠٦٦-0700 [DEBUG] [org.gradle.cache.internal.DefaultFileLockManager] Lock acquired on daemon addresses registry.
٢٠٢٦-٠٤-١٢T٢١:٢٧:٥٧.٠٦٦-0700 [DEBUG] [org.gradle.cache.internal.DefaultFileLockManager] Releasing lock on daemon addresses registry.
٢٠٢٦-٠٤-١٢T٢١:٢٧:٥٧.٠٦٨-0700 [DEBUG] [org.gradle.cache.internal.DefaultFileLockManager] Waiting to acquire shared lock on daemon addresses registry.
٢٠٢٦-٠٤-١٢T٢١:٢٧:٥٧.٠٦٩-0700 [DEBUG] [org.gradle.cache.internal.DefaultFileLockManager] Lock acquired on daemon addresses registry.
٢٠٢٦-٠٤-١٢T٢١:٢٧:٥٧.٠٧٠-0700 [DEBUG] [org.gradle.cache.internal.DefaultFileLockManager] Releasing lock on daemon addresses registry.
٢٠٢٦-٠٤-١٢T٢١:٢٨:٠٧.٠٦٠-0700 [DEBUG] [org.gradle.cache.internal.DefaultFileLockManager] Waiting to acquire shared lock on daemon addresses registry.
٢٠٢٦-٠٤-١٢T٢١:٢٨:٠٧.٠٦١-0700 [DEBUG] [org.gradle.cache.internal.DefaultFileLockManager] Lock acquired on daemon addresses registry.
٢٠٢٦-٠٤-١٢T٢١:٢٨:٠٧.٠٦١-0700 [DEBUG] [org.gradle.cache.internal.DefaultFileLockManager] Releasing lock on daemon addresses registry.
٢٠٢٦-٠٤-١٢T٢١:٢٨:٠٧.٠٦٤-0700 [DEBUG] [org.gradle.cache.internal.DefaultFileLockManager] Waiting to acquire shared lock on daemon addresses registry.
٢٠٢٦-٠٤-١٢T٢١:٢٨:٠٧.٠٦٤-0700 [DEBUG] [org.gradle.cache.internal.DefaultFileLockManager] Lock acquired on daemon addresses registry.
٢٠٢٦-٠٤-١٢T٢١:٢٨:٠٧.٠٦٥-0700 [DEBUG] [org.gradle.cache.internal.DefaultFileLockManager] Releasing lock on daemon addresses registry.
٢٠٢٦-٠٤-١٢T٢١:٢٨:٠٧.٠٦٧-0700 [DEBUG] [org.gradle.cache.internal.DefaultFileLockManager] Waiting to acquire shared lock on daemon addresses registry.
٢٠٢٦-٠٤-١٢T٢١:٢٨:٠٧.٠٦٧-0700 [DEBUG] [org.gradle.cache.internal.DefaultFileLockManager] Lock acquired on daemon addresses registry.
٢٠٢٦-٠٤-١٢T٢١:٢٨:٠٧.٠٦٨-0700 [DEBUG] [org.gradle.cache.internal.DefaultFileLockManager] Releasing lock on daemon addresses registry.
٢٠٢٦-٠٤-١٢T٢١:٢٨:١٧.٠٦٠-0700 [DEBUG] [org.gradle.cache.internal.DefaultFileLockManager] Waiting to acquire shared lock on daemon addresses registry.
٢٠٢٦-٠٤-١٢T٢١:٢٨:١٧.٠٦٠-0700 [DEBUG] [org.gradle.cache.internal.DefaultFileLockManager] Lock acquired on daemon addresses registry.
٢٠٢٦-٠٤-١٢T٢١:٢٨:١٧.٠٦١-0700 [DEBUG] [org.gradle.cache.internal.DefaultFileLockManager] Releasing lock on daemon addresses registry.
٢٠٢٦-٠٤-١٢T٢١:٢٨:١٧.٠٦٤-0700 [DEBUG] [org.gradle.cache.internal.DefaultFileLockManager] Waiting to acquire shared lock on daemon addresses registry.
٢٠٢٦-٠٤-١٢T٢١:٢٨:١٧.٠٦٤-0700 [DEBUG] [org.gradle.cache.internal.DefaultFileLockManager] Lock acquired on daemon addresses registry.
٢٠٢٦-٠٤-١٢T٢١:٢٨:١٧.٠٦٥-0700 [DEBUG] [org.gradle.cache.internal.DefaultFileLockManager] Releasing lock on daemon addresses registry.
٢٠٢٦-٠٤-١٢T٢١:٢٨:١٧.٠٦٦-0700 [DEBUG] [org.gradle.cache.internal.DefaultFileLockManager] Waiting to acquire shared lock on daemon addresses registry.
٢٠٢٦-٠٤-١٢T٢١:٢٨:١٧.٠٦٧-0700 [DEBUG] [org.gradle.cache.internal.DefaultFileLockManager] Lock acquired on daemon addresses registry.
٢٠٢٦-٠٤-١٢T٢١:٢٨:١٧.٠٦٨-0700 [DEBUG] [org.gradle.cache.internal.DefaultFileLockManager] Releasing lock on daemon addresses registry.
٢٠٢٦-٠٤-١٢T٢١:٢٨:٢٧.٠٥٩-0700 [DEBUG] [org.gradle.cache.internal.DefaultFileLockManager] Waiting to acquire shared lock on daemon addresses registry.
٢٠٢٦-٠٤-١٢T٢١:٢٨:٢٧.٠٦٠-0700 [DEBUG] [org.gradle.cache.internal.DefaultFileLockManager] Lock acquired on daemon addresses registry.
٢٠٢٦-٠٤-١٢T٢١:٢٨:٢٧.٠٦٠-0700 [DEBUG] [org.gradle.cache.internal.DefaultFileLockManager] Releasing lock on daemon addresses registry.
٢٠٢٦-٠٤-١٢T٢١:٢٨:٢٧.٠٦٣-0700 [DEBUG] [org.gradle.cache.internal.DefaultFileLockManager] Waiting to acquire shared lock on daemon addresses registry.
٢٠٢٦-٠٤-١٢T٢١:٢٨:٢٧.٠٦٤-0700 [DEBUG] [org.gradle.cache.internal.DefaultFileLockManager] Lock acquired on daemon addresses registry.
٢٠٢٦-٠٤-١٢T٢١:٢٨:٢٧.٠٦٤-0700 [DEBUG] [org.gradle.cache.internal.DefaultFileLockManager] Releasing lock on daemon addresses registry.
٢٠٢٦-٠٤-١٢T٢١:٢٨:٢٧.٠٦٦-0700 [DEBUG] [org.gradle.cache.internal.DefaultFileLockManager] Waiting to acquire shared lock on daemon addresses registry.
٢٠٢٦-٠٤-١٢T٢١:٢٨:٢٧.٠٦٦-0700 [DEBUG] [org.gradle.cache.internal.DefaultFileLockManager] Lock acquired on daemon addresses registry.
٢٠٢٦-٠٤-١٢T٢١:٢٨:٢٧.٠٦٧-0700 [DEBUG] [org.gradle.cache.internal.DefaultFileLockManager] Releasing lock on daemon addresses registry.
٢٠٢٦-٠٤-١٢T٢١:٢٨:٣٧.٠٥٨-0700 [DEBUG] [org.gradle.cache.internal.DefaultFileLockManager] Waiting to acquire shared lock on daemon addresses registry.
٢٠٢٦-٠٤-١٢T٢١:٢٨:٣٧.٠٥٩-0700 [DEBUG] [org.gradle.cache.internal.DefaultFileLockManager] Lock acquired on daemon addresses registry.
٢٠٢٦-٠٤-١٢T٢١:٢٨:٣٧.٠٦٠-0700 [DEBUG] [org.gradle.cache.internal.DefaultFileLockManager] Releasing lock on daemon addresses registry.
٢٠٢٦-٠٤-١٢T٢١:٢٨:٣٧.٠٦٢-0700 [DEBUG] [org.gradle.cache.internal.DefaultFileLockManager] Waiting to acquire shared lock on daemon addresses registry.
٢٠٢٦-٠٤-١٢T٢١:٢٨:٣٧.٠٦٢-0700 [DEBUG] [org.gradle.cache.internal.DefaultFileLockManager] Lock acquired on daemon addresses registry.
٢٠٢٦-٠٤-١٢T٢١:٢٨:٣٧.٠٦٣-0700 [DEBUG] [org.gradle.cache.internal.DefaultFileLockManager] Releasing lock on daemon addresses registry.
٢٠٢٦-٠٤-١٢T٢١:٢٨:٣٧.٠٦٥-0700 [DEBUG] [org.gradle.cache.internal.DefaultFileLockManager] Waiting to acquire shared lock on daemon addresses registry.
٢٠٢٦-٠٤-١٢T٢١:٢٨:٣٧.٠٦٥-0700 [DEBUG] [org.gradle.cache.internal.DefaultFileLockManager] Lock acquired on daemon addresses registry.
٢٠٢٦-٠٤-١٢T٢١:٢٨:٣٧.٠٦٦-0700 [DEBUG] [org.gradle.cache.internal.DefaultFileLockManager] Releasing lock on daemon addresses registry.
٢٠٢٦-٠٤-١٢T٢١:٢٨:٤٧.٠٥٧-0700 [DEBUG] [org.gradle.cache.internal.DefaultFileLockManager] Waiting to acquire shared lock on daemon addresses registry.
٢٠٢٦-٠٤-١٢T٢١:٢٨:٤٧.٠٥٧-0700 [DEBUG] [org.gradle.cache.internal.DefaultFileLockManager] Lock acquired on daemon addresses registry.
٢٠٢٦-٠٤-١٢T٢١:٢٨:٤٧.٠٥٨-0700 [DEBUG] [org.gradle.cache.internal.DefaultFileLockManager] Releasing lock on daemon addresses registry.
٢٠٢٦-٠٤-١٢T٢١:٢٨:٤٧.٠٦٠-0700 [DEBUG] [org.gradle.cache.internal.DefaultFileLockManager] Waiting to acquire shared lock on daemon addresses registry.
٢٠٢٦-٠٤-١٢T٢١:٢٨:٤٧.٠٦١-0700 [DEBUG] [org.gradle.cache.internal.DefaultFileLockManager] Lock acquired on daemon addresses registry.
٢٠٢٦-٠٤-١٢T٢١:٢٨:٤٧.٠٦١-0700 [DEBUG] [org.gradle.cache.internal.DefaultFileLockManager] Releasing lock on daemon addresses registry.
٢٠٢٦-٠٤-١٢T٢١:٢٨:٤٧.٠٦٣-0700 [DEBUG] [org.gradle.cache.internal.DefaultFileLockManager] Waiting to acquire shared lock on daemon addresses registry.
٢٠٢٦-٠٤-١٢T٢١:٢٨:٤٧.٠٦٤-0700 [DEBUG] [org.gradle.cache.internal.DefaultFileLockManager] Lock acquired on daemon addresses registry.
٢٠٢٦-٠٤-١٢T٢١:٢٨:٤٧.٠٦٥-0700 [DEBUG] [org.gradle.cache.internal.DefaultFileLockManager] Releasing lock on daemon addresses registry.
٢٠٢٦-٠٤-١٢T٢١:٢٨:٥٧.٠٥٧-0700 [DEBUG] [org.gradle.cache.internal.DefaultFileLockManager] Waiting to acquire shared lock on daemon addresses registry.
٢٠٢٦-٠٤-١٢T٢١:٢٨:٥٧.٠٥٨-0700 [DEBUG] [org.gradle.cache.internal.DefaultFileLockManager] Lock acquired on daemon addresses registry.
٢٠٢٦-٠٤-١٢T٢١:٢٨:٥٧.٠٥٩-0700 [DEBUG] [org.gradle.cache.internal.DefaultFileLockManager] Releasing lock on daemon addresses registry.
٢٠٢٦-٠٤-١٢T٢١:٢٨:٥٧.٠٦١-0700 [DEBUG] [org.gradle.cache.internal.DefaultFileLockManager] Waiting to acquire shared lock on daemon addresses registry.
٢٠٢٦-٠٤-١٢T٢١:٢٨:٥٧.٠٦١-0700 [DEBUG] [org.gradle.cache.internal.DefaultFileLockManager] Lock acquired on daemon addresses registry.
٢٠٢٦-٠٤-١٢T٢١:٢٨:٥٧.٠٦٢-0700 [DEBUG] [org.gradle.cache.internal.DefaultFileLockManager] Releasing lock on daemon addresses registry.
٢٠٢٦-٠٤-١٢T٢١:٢٨:٥٧.٠٦٤-0700 [DEBUG] [org.gradle.cache.internal.DefaultFileLockManager] Waiting to acquire shared lock on daemon addresses registry.
٢٠٢٦-٠٤-١٢T٢١:٢٨:٥٧.٠٦٥-0700 [DEBUG] [org.gradle.cache.internal.DefaultFileLockManager] Lock acquired on daemon addresses registry.
٢٠٢٦-٠٤-١٢T٢١:٢٨:٥٧.٠٦٦-0700 [DEBUG] [org.gradle.cache.internal.DefaultFileLockManager] Releasing lock on daemon addresses registry.
٢٠٢٦-٠٤-١٢T٢١:٢٩:٠٧.٠٥٧-0700 [DEBUG] [org.gradle.cache.internal.DefaultFileLockManager] Waiting to acquire shared lock on daemon addresses registry.
٢٠٢٦-٠٤-١٢T٢١:٢٩:٠٧.٠٥٧-0700 [DEBUG] [org.gradle.cache.internal.DefaultFileLockManager] Lock acquired on daemon addresses registry.
٢٠٢٦-٠٤-١٢T٢١:٢٩:٠٧.٠٥٨-0700 [DEBUG] [org.gradle.cache.internal.DefaultFileLockManager] Releasing lock on daemon addresses registry.
٢٠٢٦-٠٤-١٢T٢١:٢٩:٠٧.٠٦٠-0700 [DEBUG] [org.gradle.cache.internal.DefaultFileLockManager] Waiting to acquire shared lock on daemon addresses registry.
٢٠٢٦-٠٤-١٢T٢١:٢٩:٠٧.٠٦١-0700 [DEBUG] [org.gradle.cache.internal.DefaultFileLockManager] Lock acquired on daemon addresses registry.
٢٠٢٦-٠٤-١٢T٢١:٢٩:٠٧.٠٦١-0700 [DEBUG] [org.gradle.cache.internal.DefaultFileLockManager] Releasing lock on daemon addresses registry.
٢٠٢٦-٠٤-١٢T٢١:٢٩:٠٧.٠٦٣-0700 [DEBUG] [org.gradle.cache.internal.DefaultFileLockManager] Waiting to acquire shared lock on daemon addresses registry.
٢٠٢٦-٠٤-١٢T٢١:٢٩:٠٧.٠٦٣-0700 [DEBUG] [org.gradle.cache.internal.DefaultFileLockManager] Lock acquired on daemon addresses registry.
٢٠٢٦-٠٤-١٢T٢١:٢٩:٠٧.٠٦٤-0700 [DEBUG] [org.gradle.cache.internal.DefaultFileLockManager] Releasing lock on daemon addresses registry.
٢٠٢٦-٠٤-١٢T٢١:٢٩:١٧.٠٥٥-0700 [DEBUG] [org.gradle.cache.internal.DefaultFileLockManager] Waiting to acquire shared lock on daemon addresses registry.
٢٠٢٦-٠٤-١٢T٢١:٢٩:١٧.٠٥٥-0700 [DEBUG] [org.gradle.cache.internal.DefaultFileLockManager] Lock acquired on daemon addresses registry.
٢٠٢٦-٠٤-١٢T٢١:٢٩:١٧.٠٥٦-0700 [DEBUG] [org.gradle.cache.internal.DefaultFileLockManager] Releasing lock on daemon addresses registry.
٢٠٢٦-٠٤-١٢T٢١:٢٩:١٧.٠٥٨-0700 [DEBUG] [org.gradle.cache.internal.DefaultFileLockManager] Waiting to acquire shared lock on daemon addresses registry.
٢٠٢٦-٠٤-١٢T٢١:٢٩:١٧.٠٥٩-0700 [DEBUG] [org.gradle.cache.internal.DefaultFileLockManager] Lock acquired on daemon addresses registry.
٢٠٢٦-٠٤-١٢T٢١:٢٩:١٧.٠٦٠-0700 [DEBUG] [org.gradle.cache.internal.DefaultFileLockManager] Releasing lock on daemon addresses registry.
٢٠٢٦-٠٤-١٢T٢١:٢٩:١٧.٠٦٢-0700 [DEBUG] [org.gradle.cache.internal.DefaultFileLockManager] Waiting to acquire shared lock on daemon addresses registry.
٢٠٢٦-٠٤-١٢T٢١:٢٩:١٧.٠٦٢-0700 [DEBUG] [org.gradle.cache.internal.DefaultFileLockManager] Lock acquired on daemon addresses registry.
٢٠٢٦-٠٤-١٢T٢١:٢٩:١٧.٠٦٣-0700 [DEBUG] [org.gradle.cache.internal.DefaultFileLockManager] Releasing lock on daemon addresses registry.
٢٠٢٦-٠٤-١٢T٢١:٢٩:٢٧.٠٥٤-0700 [DEBUG] [org.gradle.cache.internal.DefaultFileLockManager] Waiting to acquire shared lock on daemon addresses registry.
٢٠٢٦-٠٤-١٢T٢١:٢٩:٢٧.٠٥٤-0700 [DEBUG] [org.gradle.cache.internal.DefaultFileLockManager] Lock acquired on daemon addresses registry.
٢٠٢٦-٠٤-١٢T٢١:٢٩:٢٧.٠٥٥-0700 [DEBUG] [org.gradle.cache.internal.DefaultFileLockManager] Releasing lock on daemon addresses registry.
٢٠٢٦-٠٤-١٢T٢١:٢٩:٢٧.٠٥٦-0700 [DEBUG] [org.gradle.cache.internal.DefaultFileLockManager] Waiting to acquire shared lock on daemon addresses registry.
٢٠٢٦-٠٤-١٢T٢١:٢٩:٢٧.٠٥٦-0700 [DEBUG] [org.gradle.cache.internal.DefaultFileLockManager] Lock acquired on daemon addresses registry.
٢٠٢٦-٠٤-١٢T٢١:٢٩:٢٧.٠٥٦-0700 [DEBUG] [org.gradle.cache.internal.DefaultFileLockManager] Releasing lock on daemon addresses registry.
٢٠٢٦-٠٤-١٢T٢١:٢٩:٢٧.٠٥٧-0700 [DEBUG] [org.gradle.cache.internal.DefaultFileLockManager] Waiting to acquire shared lock on daemon addresses registry.
٢٠٢٦-٠٤-١٢T٢١:٢٩:٢٧.٠٥٧-0700 [DEBUG] [org.gradle.cache.internal.DefaultFileLockManager] Lock acquired on daemon addresses registry.
٢٠٢٦-٠٤-١٢T٢١:٢٩:٢٧.٠٥٨-0700 [DEBUG] [org.gradle.cache.internal.DefaultFileLockManager] Releasing lock on daemon addresses registry.
٢٠٢٦-٠٤-١٢T٢١:٢٩:٣٧.٠٥٤-0700 [DEBUG] [org.gradle.cache.internal.DefaultFileLockManager] Waiting to acquire shared lock on daemon addresses registry.
٢٠٢٦-٠٤-١٢T٢١:٢٩:٣٧.٠٥٥-0700 [DEBUG] [org.gradle.cache.internal.DefaultFileLockManager] Lock acquired on daemon addresses registry.
٢٠٢٦-٠٤-١٢T٢١:٢٩:٣٧.٠٥٦-0700 [DEBUG] [org.gradle.cache.internal.DefaultFileLockManager] Releasing lock on daemon addresses registry.
٢٠٢٦-٠٤-١٢T٢١:٢٩:٣٧.٠٥٩-0700 [DEBUG] [org.gradle.cache.internal.DefaultFileLockManager] Waiting to acquire shared lock on daemon addresses registry.
٢٠٢٦-٠٤-١٢T٢١:٢٩:٣٧.٠٥٩-0700 [DEBUG] [org.gradle.cache.internal.DefaultFileLockManager] Lock acquired on daemon addresses registry.
٢٠٢٦-٠٤-١٢T٢١:٢٩:٣٧.٠٦٠-0700 [DEBUG] [org.gradle.cache.internal.DefaultFileLockManager] Releasing lock on daemon addresses registry.
٢٠٢٦-٠٤-١٢T٢١:٢٩:٣٧.٠٦٢-0700 [DEBUG] [org.gradle.cache.internal.DefaultFileLockManager] Waiting to acquire shared lock on daemon addresses registry.
٢٠٢٦-٠٤-١٢T٢١:٢٩:٣٧.٠٦٢-0700 [DEBUG] [org.gradle.cache.internal.DefaultFileLockManager] Lock acquired on daemon addresses registry.
٢٠٢٦-٠٤-١٢T٢١:٢٩:٣٧.٠٦٣-0700 [DEBUG] [org.gradle.cache.internal.DefaultFileLockManager] Releasing lock on daemon addresses registry.
٢٠٢٦-٠٤-١٢T٢١:٢٩:٤٧.٠٥٣-0700 [DEBUG] [org.gradle.cache.internal.DefaultFileLockManager] Waiting to acquire shared lock on daemon addresses registry.
٢٠٢٦-٠٤-١٢T٢١:٢٩:٤٧.٠٥٣-0700 [DEBUG] [org.gradle.cache.internal.DefaultFileLockManager] Lock acquired on daemon addresses registry.
٢٠٢٦-٠٤-١٢T٢١:٢٩:٤٧.٠٥٣-0700 [DEBUG] [org.gradle.cache.internal.DefaultFileLockManager] Releasing lock on daemon addresses registry.
٢٠٢٦-٠٤-١٢T٢١:٢٩:٤٧.٠٥٤-0700 [DEBUG] [org.gradle.cache.internal.DefaultFileLockManager] Waiting to acquire shared lock on daemon addresses registry.
٢٠٢٦-٠٤-١٢T٢١:٢٩:٤٧.٠٥٥-0700 [DEBUG] [org.gradle.cache.internal.DefaultFileLockManager] Lock acquired on daemon addresses registry.
٢٠٢٦-٠٤-١٢T٢١:٢٩:٤٧.٠٥٥-0700 [DEBUG] [org.gradle.cache.internal.DefaultFileLockManager] Releasing lock on daemon addresses registry.
٢٠٢٦-٠٤-١٢T٢١:٢٩:٤٧.٠٥٥-0700 [DEBUG] [org.gradle.cache.internal.DefaultFileLockManager] Waiting to acquire shared lock on daemon addresses registry.
٢٠٢٦-٠٤-١٢T٢١:٢٩:٤٧.٠٥٦-0700 [DEBUG] [org.gradle.cache.internal.DefaultFileLockManager] Lock acquired on daemon addresses registry.
٢٠٢٦-٠٤-١٢T٢١:٢٩:٤٧.٠٥٦-0700 [DEBUG] [org.gradle.cache.internal.DefaultFileLockManager] Releasing lock on daemon addresses registry.
٢٠٢٦-٠٤-١٢T٢١:٢٩:٥٧.٠٥٢-0700 [DEBUG] [org.gradle.cache.internal.DefaultFileLockManager] Waiting to acquire shared lock on daemon addresses registry.
٢٠٢٦-٠٤-١٢T٢١:٢٩:٥٧.٠٥٣-0700 [DEBUG] [org.gradle.cache.internal.DefaultFileLockManager] Lock acquired on daemon addresses registry.
٢٠٢٦-٠٤-١٢T٢١:٢٩:٥٧.٠٥٤-0700 [DEBUG] [org.gradle.cache.internal.DefaultFileLockManager] Releasing lock on daemon addresses registry.
٢٠٢٦-٠٤-١٢T٢١:٢٩:٥٧.٠٥٦-0700 [DEBUG] [org.gradle.cache.internal.DefaultFileLockManager] 
 [] ٢٠٢٦-٠٤-١٢T٢١:٣٥:٢٧.٠٥٢-0700 [DEBUG] [org.gradle.cache.internal.DefaultFileLockManager] Waiting to acquire shared lock on daemon addresses registry.
٢٠٢٦-٠٤-١٢T٢١:٣٥:٢٧.٠٥٣-0700 [DEBUG] [org.gradle.cache.internal.DefaultFileLockManager] Lock acquired on daemon addresses registry.
٢٠٢٦-٠٤-١٢T٢١:٣٥:٢٧.٠٥٤-0700 [DEBUG] [org.gradle.cache.internal.DefaultFileLockManager] Releasing lock on daemon addresses registry.
٢٠٢٦-٠٤-١٢T٢١:٣٥:٢٧.٠٥٨-0700 [DEBUG] [org.gradle.cache.internal.DefaultFileLockManager] Waiting to acquire shared lock on daemon addresses registry.
٢٠٢٦-٠٤-١٢T٢١:٣٥:٢٧.٠٥٩-0700 [DEBUG] [org.gradle.cache.internal.DefaultFileLockManager] Lock acquired on daemon addresses registry.
٢٠٢٦-٠٤-١٢T٢١:٣٥:٢٧.٠٦٠-0700 [DEBUG] [org.gradle.cache.internal.DefaultFileLockManager] Releasing lock on daemon addresses registry.
٢٠٢٦-٠٤-١٢T٢١:٣٥:٢٧.٠٦٣-0700 [DEBUG] [org.gradle.cache.internal.DefaultFileLockManager] Waiting to acquire shared lock on daemon addresses registry.
٢٠٢٦-٠٤-١٢T٢١:٣٥:٢٧.٠٦٤-0700 [DEBUG] [org.gradle.cache.internal.DefaultFileLockManager] Lock acquired on daemon addresses registry.
٢٠٢٦-٠٤-١٢T٢١:٣٥:٢٧.٠٦٥-0700 [DEBUG] [org.gradle.cache.internal.DefaultFileLockManager] Releasing lock on daemon addresses registry.
٢٠٢٦-٠٤-١٢T٢١:٣٥:٣٧.٠٦٣-0700 [DEBUG] [org.gradle.cache.internal.DefaultFileLockManager] Waiting to acquire shared lock on daemon addresses registry.
٢٠٢٦-٠٤-١٢T٢١:٣٥:٣٧.٠٦٤-0700 [DEBUG] [org.gradle.cache.internal.DefaultFileLockManager] Lock acquired on daemon addresses registry.
٢٠٢٦-٠٤-١٢T٢١:٣٥:٣٧.٠٦٤-0700 [DEBUG] [org.gradle.cache.internal.DefaultFileLockManager] Releasing lock on daemon addresses registry.
٢٠٢٦-٠٤-١٢T٢١:٣٥:٣٧.٠٦٥-0700 [DEBUG] [org.gradle.cache.internal.DefaultFileLockManager] Waiting to acquire shared lock on daemon addresses registry.
٢٠٢٦-٠٤-١٢T٢١:٣٥:٣٧.٠٦٥-0700 [DEBUG] [org.gradle.cache.internal.DefaultFileLockManager] Lock acquired on daemon addresses registry.
٢٠٢٦-٠٤-١٢T٢١:٣٥:٣٧.٠٦٥-0700 [DEBUG] [org.gradle.cache.internal.DefaultFileLockManager] Releasing lock on daemon addresses registry.
٢٠٢٦-٠٤-١٢T٢١:٣٥:٣٧.٠٦٦-0700 [DEBUG] [org.gradle.cache.internal.DefaultFileLockManager] Waiting to acquire shared lock on daemon addresses registry.
٢٠٢٦-٠٤-١٢T٢١:٣٥:٣٧.٠٦٦-0700 [DEBUG] [org.gradle.cache.internal.DefaultFileLockManager] Lock acquired on daemon addresses registry.
٢٠٢٦-٠٤-١٢T٢١:٣٥:٣٧.٠٦٦-0700 [DEBUG] [org.gradle.cache.internal.DefaultFileLockManager] Releasing lock on daemon addresses registry.
٢٠٢٦-٠٤-١٢T٢١:٣٥:٤٧.٠٤٩-0700 [DEBUG] [org.gradle.cache.internal.DefaultFileLockManager] Waiting to acquire shared lock on daemon addresses registry.
٢٠٢٦-٠٤-١٢T٢١:٣٥:٤٧.٠٤٩-0700 [DEBUG] [org.gradle.cache.internal.DefaultFileLockManager] Lock acquired on daemon addresses registry.
٢٠٢٦-٠٤-١٢T٢١:٣٥:٤٧.٠٤٩-0700 [DEBUG] [org.gradle.cache.internal.DefaultFileLockManager] Releasing lock on daemon addresses registry.
٢٠٢٦-٠٤-١٢T٢١:٣٥:٤٧.٠٥٠-0700 [DEBUG] [org.gradle.cache.internal.DefaultFileLockManager] Waiting to acquire shared lock on daemon addresses registry.
٢٠٢٦-٠٤-١٢T٢١:٣٥:٤٧.٠٥٠-0700 [DEBUG] [org.gradle.cache.internal.DefaultFileLockManager] Lock acquired on daemon addresses registry.
٢٠٢٦-٠٤-١٢T٢١:٣٥:٤٧.٠٥٠-0700 [DEBUG] [org.gradle.cache.internal.DefaultFileLockManager] Releasing lock on daemon addresses registry.
٢٠٢٦-٠٤-١٢T٢١:٣٥:٤٧.٠٥١-0700 [DEBUG] [org.gradle.cache.internal.DefaultFileLockManager] Waiting to acquire shared lock on daemon addresses registry.
٢٠٢٦-٠٤-١٢T٢١:٣٥:٤٧.٠٥١-0700 [DEBUG] [org.gradle.cache.internal.DefaultFileLockManager] Lock acquired on daemon addresses registry.
٢٠٢٦-٠٤-١٢T٢١:٣٥:٤٧.٠٥١-0700 [DEBUG] [org.gradle.cache.internal.DefaultFileLockManager] Releasing lock on daemon addresses registry.
٢٠٢٦-٠٤-١٢T٢١:٣٥:٥٧.٠٥٨-0700 [DEBUG] [org.gradle.cache.internal.DefaultFileLockManager] Waiting to acquire shared lock on daemon addresses registry.
٢٠٢٦-٠٤-١٢T٢١:٣٥:٥٧.٠٥٨-0700 [DEBUG] [org.gradle.cache.internal.DefaultFileLockManager] Lock acquired on daemon addresses registry.
٢٠٢٦-٠٤-١٢T٢١:٣٥:٥٧.٠٥٩-0700 [DEBUG] [org.gradle.cache.internal.DefaultFileLockManager] Releasing lock on daemon addresses registry.
٢٠٢٦-٠٤-١٢T٢١:٣٥:٥٧.٠٦١-0700 [DEBUG] [org.gradle.cache.internal.DefaultFileLockManager] Waiting to acquire shared lock on daemon addresses registry.
٢٠٢٦-٠٤-١٢T٢١:٣٥:٥٧.٠٦٢-0700 [DEBUG] [org.gradle.cache.internal.DefaultFileLockManager] Lock acquired on daemon addresses registry.
٢٠٢٦-٠٤-١٢T٢١:٣٥:٥٧.٠٦٢-0700 [DEBUG] [org.gradle.cache.internal.DefaultFileLockManager] Releasing lock on daemon addresses registry.
٢٠٢٦-٠٤-١٢T٢١:٣٥:٥٧.٠٦٤-0700 [DEBUG] [org.gradle.cache.internal.DefaultFileLockManager] Waiting to acquire shared lock on daemon addresses registry.
٢٠٢٦-٠٤-١٢T٢١:٣٥:٥٧.٠٦٤-0700 [DEBUG] [org.gradle.cache.internal.DefaultFileLockManager] Lock acquired on daemon addresses registry.
٢٠٢٦-٠٤-١٢T٢١:٣٥:٥٧.٠٦٥-0700 [DEBUG] [org.gradle.cache.internal.DefaultFileLockManager] Releasing lock on daemon addresses registry.
٢٠٢٦-٠٤-١٢T٢١:٣٦:٠٧.٠٥٥-0700 [DEBUG] [org.gradle.cache.internal.DefaultFileLockManager] Waiting to acquire shared lock on daemon addresses registry.
٢٠٢٦-٠٤-١٢T٢١:٣٦:٠٧.٠٥٥-0700 [DEBUG] [org.gradle.cache.internal.DefaultFileLockManager] Lock acquired on daemon addresses registry.
٢٠٢٦-٠٤-١٢T٢١:٣٦:٠٧.٠٥٦-0700 [DEBUG] [org.gradle.cache.internal.DefaultFileLockManager] Releasing lock on daemon addresses registry.
٢٠٢٦-٠٤-١٢T٢١:٣٦:٠٧.٠٥٨-0700 [DEBUG] [org.gradle.cache.internal.DefaultFileLockManager] Waiting to acquire shared lock on daemon addresses registry.
٢٠٢٦-٠٤-١٢T٢١:٣٦:٠٧.٠٥٨-0700 [DEBUG] [org.gradle.cache.internal.DefaultFileLockManager] Lock acquired on daemon addresses registry.
٢٠٢٦-٠٤-١٢T٢١:٣٦:٠٧.٠٥٩-0700 [DEBUG] [org.gradle.cache.internal.DefaultFileLockManager] Releasing lock on daemon addresses registry.
٢٠٢٦-٠٤-١٢T٢١:٣٦:٠٧.٠٥٩-0700 [DEBUG] [org.gradle.cache.internal.DefaultFileLockManager] Waiting to acquire shared lock on daemon addresses registry.
٢٠٢٦-٠٤-١٢T٢١:٣٦:٠٧.٠٥٩-0700 [DEBUG] [org.gradle.cache.internal.DefaultFileLockManager] Lock acquired on daemon addresses registry.
٢٠٢٦-٠٤-١٢T٢١:٣٦:٠٧.٠٥٩-0700 [DEBUG] [org.gradle.cache.internal.DefaultFileLockManager] Releasing lock on daemon addresses registry.
٢٠٢٦-٠٤-١٢T٢١:٣٦:١٧.٠٥٤-0700 [DEBUG] [org.gradle.cache.internal.DefaultFileLockManager] Waiting to acquire shared lock on daemon addresses registry.
٢٠٢٦-٠٤-١٢T٢١:٣٦:١٧.٠٥٥-0700 [DEBUG] [org.gradle.cache.internal.DefaultFileLockManager] Lock acquired on daemon addresses registry.
٢٠٢٦-٠٤-١٢T٢١:٣٦:١٧.٠٥٦-0700 [DEBUG] [org.gradle.cache.internal.DefaultFileLockManager] Releasing lock on daemon addresses registry.
٢٠٢٦-٠٤-١٢T٢١:٣٦:١٧.٠٥٩-0700 [DEBUG] [org.gradle.cache.internal.DefaultFileLockManager] Waiting to acquire shared lock on daemon addresses registry.
٢٠٢٦-٠٤-١٢T٢١:٣٦:١٧.٠٥٩-0700 [DEBUG] [org.gradle.cache.internal.DefaultFileLockManager] Lock acquired on daemon addresses registry.
٢٠٢٦-٠٤-١٢T٢١:٣٦:١٧.٠٦٠-0700 [DEBUG] [org.gradle.cache.internal.DefaultFileLockManager] Releasing lock on daemon addresses registry.
٢٠٢٦-٠٤-١٢T٢١:٣٦:١٧.٠٦٣-0700 [DEBUG] [org.gradle.cache.internal.DefaultFileLockManager] Waiting to acquire shared lock on daemon addresses registry.
٢٠٢٦-٠٤-١٢T٢١:٣٦:١٧.٠٦٣-0700 [DEBUG] [org.gradle.cache.internal.DefaultFileLockManager] Lock acquired on daemon addresses registry.
٢٠٢٦-٠٤-١٢T٢١:٣٦:١٧.٠٦٤-0700 [DEBUG] [org.gradle.cache.internal.DefaultFileLockManager] Releasing lock on daemon addresses registry.
٢٠٢٦-٠٤-١٢T٢١:٣٦:٢٧.٠٥٢-0700 [DEBUG] [org.gradle.cache.internal.DefaultFileLockManager] Waiting to acquire shared lock on daemon addresses registry.
٢٠٢٦-٠٤-١٢T٢١:٣٦:٢٧.٠٥٣-0700 [DEBUG] [org.gradle.cache.internal.DefaultFileLockManager] Lock acquired on daemon addresses registry.
٢٠٢٦-٠٤-١٢T٢١:٣٦:٢٧.٠٥٤-0700 [DEBUG] [org.gradle.cache.internal.DefaultFileLockManager] Releasing lock on daemon addresses registry.
٢٠٢٦-٠٤-١٢T٢١:٣٦:٢٧.٠٥٦-0700 [DEBUG] [org.gradle.cache.internal.DefaultFileLockManager] Waiting to acquire shared lock on daemon addresses registry.
٢٠٢٦-٠٤-١٢T٢١:٣٦:٢٧.٠٥٧-0700 [DEBUG] [org.gradle.cache.internal.DefaultFileLockManager] Lock acquired on daemon addresses registry.
٢٠٢٦-٠٤-١٢T٢١:٣٦:٢٧.٠٥٨-0700 [DEBUG] [org.gradle.cache.internal.DefaultFileLockManager] Releasing lock on daemon addresses registry.
٢٠٢٦-٠٤-١٢T٢١:٣٦:٢٧.٠٥٩-0700 [DEBUG] [org.gradle.cache.internal.DefaultFileLockManager] Waiting to acquire shared lock on daemon addresses registry.
٢٠٢٦-٠٤-١٢T٢١:٣٦:٢٧.٠٦٠-0700 [DEBUG] [org.gradle.cache.internal.DefaultFileLockManager] Lock acquired on daemon addresses registry.
٢٠٢٦-٠٤-١٢T٢١:٣٦:٢٧.٠٦٠-0700 [DEBUG] [org.gradle.cache.internal.DefaultFileLockManager] Releasing lock on daemon addresses registry.
٢٠٢٦-٠٤-١٢T٢١:٣٦:٣٧.٠٤٦-0700 [DEBUG] [org.gradle.cache.internal.DefaultFileLockManager] Waiting to acquire shared lock on daemon addresses registry.
٢٠٢٦-٠٤-١٢T٢١:٣٦:٣٧.٠٤٧-0700 [DEBUG] [org.gradle.cache.internal.DefaultFileLockManager] Lock acquired on daemon addresses registry.
٢٠٢٦-٠٤-١٢T٢١:٣٦:٣٧.٠٤٨-0700 [DEBUG] [org.gradle.cache.internal.DefaultFileLockManager] Releasing lock on daemon addresses registry.
٢٠٢٦-٠٤-١٢T٢١:٣٦:٣٧.٠٤٩-0700 [DEBUG] [org.gradle.cache.internal.DefaultFileLockManager] Waiting to acquire shared lock on daemon addresses registry.
٢٠٢٦-٠٤-١٢T٢١:٣٦:٣٧.٠٥٠-0700 [DEBUG] [org.gradle.cache.internal.DefaultFileLockManager] Lock acquired on daemon addresses registry.
٢٠٢٦-٠٤-١٢T٢١:٣٦:٣٧.٠٥٠-0700 [DEBUG] [org.gradle.cache.internal.DefaultFileLockManager] Releasing lock on daemon addresses registry.
٢٠٢٦-٠٤-١٢T٢١:٣٦:٣٧.٠٥١-0700 [DEBUG] [org.gradle.cache.internal.DefaultFileLockManager] Waiting to acquire shared lock on daemon addresses registry.
٢٠٢٦-٠٤-١٢T٢١:٣٦:٣٧.٠٥١-0700 [DEBUG] [org.gradle.cache.internal.DefaultFileLockManager] Lock acquired on daemon addresses registry.
٢٠٢٦-٠٤-١٢T٢١:٣٦:٣٧.٠٥١-0700 [DEBUG] [org.gradle.cache.internal.DefaultFileLockManager] Releasing lock on daemon addresses registry.
٢٠٢٦-٠٤-١٢T٢١:٣٦:٤٧.٠٥٢-0700 [DEBUG] [org.gradle.cache.internal.DefaultFileLockManager] Waiting to acquire shared lock on daemon addresses registry.
٢٠٢٦-٠٤-١٢T٢١:٣٦:٤٧.٠٥٣-0700 [DEBUG] [org.gradle.cache.internal.DefaultFileLockManager] Lock acquired on daemon addresses registry.
٢٠٢٦-٠٤-١٢T٢١:٣٦:٤٧.٠٥٣-0700 [DEBUG] [org.gradle.cache.internal.DefaultFileLockManager] Releasing lock on daemon addresses registry.
٢٠٢٦-٠٤-١٢T٢١:٣٦:٤٧.٠٥٦-0700 [DEBUG] [org.gradle.cache.internal.DefaultFileLockManager] Waiting to acquire shared lock on daemon addresses registry.
٢٠٢٦-٠٤-١٢T٢١:٣٦:٤٧.٠٥٦-0700 [DEBUG] [org.gradle.cache.internal.DefaultFileLockManager] Lock acquired on daemon addresses registry.
٢٠٢٦-٠٤-١٢T٢١:٣٦:٤٧.٠٥٧-0700 [DEBUG] [org.gradle.cache.internal.DefaultFileLockManager] Releasing lock on daemon addresses registry.
٢٠٢٦-٠٤-١٢T٢١:٣٦:٤٧.٠٥٨-0700 [DEBUG] [org.gradle.cache.internal.DefaultFileLockManager] Waiting to acquire shared lock on daemon addresses registry.
٢٠٢٦-٠٤-١٢T٢١:٣٦:٤٧.٠٥٨-0700 [DEBUG] [org.gradle.cache.internal.DefaultFileLockManager] Lock acquired on daemon addresses registry.
٢٠٢٦-٠٤-١٢T٢١:٣٦:٤٧.٠٥٨-0700 [DEBUG] [org.gradle.cache.internal.DefaultFileLockManager] Releasing lock on daemon addresses registry.
٢٠٢٦-٠٤-١٢T٢١:٣٦:٥٧.٠٦٥-0700 [DEBUG] [org.gradle.cache.internal.DefaultFileLockManager] Waiting to acquire shared lock on daemon addresses registry.
٢٠٢٦-٠٤-١٢T٢١:٣٦:٥٧.٠٦٦-0700 [DEBUG] [org.gradle.cache.internal.DefaultFileLockManager] Lock acquired on daemon addresses registry.
٢٠٢٦-٠٤-١٢T٢١:٣٦:٥٧.٠٦٧-0700 [DEBUG] [org.gradle.cache.internal.DefaultFileLockManager] Releasing lock on daemon addresses registry.
٢٠٢٦-٠٤-١٢T٢١:٣٦:٥٧.٠٧١-0700 [DEBUG] [org.gradle.cache.internal.DefaultFileLockManager] Waiting to acquire shared lock on daemon addresses registry.
٢٠٢٦-٠٤-١٢T٢١:٣٦:٥٧.٠٧٢-0700 [DEBUG] [org.gradle.cache.internal.DefaultFileLockManager] Lock acquired on daemon addresses registry.
٢٠٢٦-٠٤-١٢T٢١:٣٦:٥٧.٠٧٣-0700 [DEBUG] [org.gradle.cache.internal.DefaultFileLockManager] Releasing lock on daemon addresses registry.
٢٠٢٦-٠٤-١٢T٢١:٣٦:٥٧.٠٧٦-0700 [DEBUG] [org.gradle.cache.internal.DefaultFileLockManager] Waiting to acquire shared lock on daemon addresses registry.
٢٠٢٦-٠٤-١٢T٢١:٣٦:٥٧.٠٧٦-0700 [DEBUG] [org.gradle.cache.internal.DefaultFileLockManager] Lock acquired on daemon addresses registry.
٢٠٢٦-٠٤-١٢T٢١:٣٦:٥٧.٠٧٧-0700 [DEBUG] [org.gradle.cache.internal.DefaultFileLockManager] Releasing lock on daemon addresses registry.
٢٠٢٦-٠٤-١٢T٢١:٣٧:٠٧.٠٥٠-0700 [DEBUG] [org.gradle.cache.internal.DefaultFileLockManager] Waiting to acquire shared lock on daemon addresses registry.
٢٠٢٦-٠٤-١٢T٢١:٣٧:٠٧.٠٥٠-0700 [DEBUG] [org.gradle.cache.internal.DefaultFileLockManager] Lock acquired on daemon addresses registry.
٢٠٢٦-٠٤-١٢T٢١:٣٧:٠٧.٠٥٠-0700 [DEBUG] [org.gradle.cache.internal.DefaultFileLockManager] Releasing lock on daemon addresses registry.
٢٠٢٦-٠٤-١٢T٢١:٣٧:٠٧.٠٥١-0700 [DEBUG] [org.gradle.cache.internal.DefaultFileLockManager] Waiting to acquire shared lock on daemon addresses registry.
٢٠٢٦-٠٤-١٢T٢١:٣٧:٠٧.٠٥٢-0700 [DEBUG] [org.gradle.cache.internal.DefaultFileLockManager] Lock acquired on daemon addresses registry.
٢٠٢٦-٠٤-١٢T٢١:٣٧:٠٧.٠٥٢-0700 [DEBUG] [org.gradle.cache.internal.DefaultFileLockManager] Releasing lock on daemon addresses registry.
٢٠٢٦-٠٤-١٢T٢١:٣٧:٠٧.٠٥٣-0700 [DEBUG] [org.gradle.cache.internal.DefaultFileLockManager] Waiting to acquire shared lock on daemon addresses registry.
٢٠٢٦-٠٤-١٢T٢١:٣٧:٠٧.٠٥٣-0700 [DEBUG] [org.gradle.cache.internal.DefaultFileLockManager] Lock acquired on daemon addresses registry.
٢٠٢٦-٠٤-١٢T٢١:٣٧:٠٧.٠٥٣-0700 [DEBUG] [org.gradle.cache.internal.DefaultFileLockManager] Releasing lock on daemon addresses registry.
٢٠٢٦-٠٤-١٢T٢١:٣٧:١٧.٠٦٣-0700 [DEBUG] [org.gradle.cache.internal.DefaultFileLockManager] Waiting to acquire shared lock on daemon addresses registry.
٢٠٢٦-٠٤-١٢T٢١:٣٧:١٧.٠٦٣-0700 [DEBUG] [org.gradle.cache.internal.DefaultFileLockManager] Lock acquired on daemon addresses registry.
٢٠٢٦-٠٤-١٢T٢١:٣٧:١٧.٠٦٤-0700 [DEBUG] [org.gradle.cache.internal.DefaultFileLockManager] Releasing lock on daemon addresses registry.
٢٠٢٦-٠٤-١٢T٢١:٣٧:١٧.٠٦٦-0700 [DEBUG] [org.gradle.cache.internal.DefaultFileLockManager] Waiting to acquire shared lock on daemon addresses registry.
٢٠٢٦-٠٤-١٢T٢١:٣٧:١٧.٠٦٦-0700 [DEBUG] [org.gradle.cache.internal.DefaultFileLockManager] Lock acquired on daemon addresses registry.
٢٠٢٦-٠٤-١٢T٢١:٣٧:١٧.٠٦٧-0700 [DEBUG] [org.gradle.cache.internal.DefaultFileLockManager] Releasing lock on daemon addresses registry.
٢٠٢٦-٠٤-١٢T٢١:٣٧:١٧.٠٦٨-0700 [DEBUG] [org.gradle.cache.internal.DefaultFileLockManager] Waiting to acquire shared lock on daemon addresses registry.
٢٠٢٦-٠٤-١٢T٢١:٣٧:١٧.٠٦٩-0700 [DEBUG] [org.gradle.cache.internal.DefaultFileLockManager] Lock acquired on daemon addresses registry.
٢٠٢٦-٠٤-١٢T٢١:٣٧:١٧.٠٦٩-0700 [DEBUG] [org.gradle.cache.internal.DefaultFileLockManager] Releasing lock on daemon addresses registry.
٢٠٢٦-٠٤-١٢T٢١:٣٧:٢٧.٠٥٩-0700 [DEBUG] [org.gradle.cache.internal.DefaultFileLockManager] Waiting to acquire shared lock on daemon addresses registry.
٢٠٢٦-٠٤-١٢T٢١:٣٧:٢٧.٠٥٩-0700 [DEBUG] [org.gradle.cache.internal.DefaultFileLockManager] Lock acquired on daemon addresses registry.
٢٠٢٦-٠٤-١٢T٢١:٣٧:٢٧.٠٦٠-0700 [DEBUG] [org.gradle.cache.internal.DefaultFileLockManager] Releasing lock on daemon addresses registry.
٢٠٢٦-٠٤-١٢T٢١:٣٧:٢٧.٠٦٢-0700 [DEBUG] [org.gradle.cache.internal.DefaultFileLockManager] Waiting to acquire shared lock on daemon addresses registry.
٢٠٢٦-٠٤-١٢T٢١:٣٧:٢٧.٠٦٣-0700 [DEBUG] [org.gradle.cache.internal.DefaultFileLockManager] Lock acquired on daemon addresses registry.
٢٠٢٦-٠٤-١٢T٢١:٣٧:٢٧.٠٦٣-0700 [DEBUG] [org.gradle.cache.internal.DefaultFileLockManager] Releasing lock on daemon addresses registry.
٢٠٢٦-٠٤-١٢T٢١:٣٧:٢٧.٠٦٥-0700 [DEBUG] [org.gradle.cache.internal.DefaultFileLockManager] Waiting to acquire shared lock on daemon addresses registry.
٢٠٢٦-٠٤-١٢T٢١:٣٧:٢٧.٠٦٥-0700 [DEBUG] [org.gradle.cache.internal.DefaultFileLockManager] Lock acquired on daemon addresses registry.
٢٠٢٦-٠٤-١٢T٢١:٣٧:٢٧.٠٦٦-0700 [DEBUG] [org.gradle.cache.internal.DefaultFileLockManager] Releasing lock on daemon addresses registry.
٢٠٢٦-٠٤-١٢T٢١:٣٧:٣٧.٠٥٧-0700 [DEBUG] [org.gradle.cache.internal.DefaultFileLockManager] Waiting to acquire shared lock on daemon addresses registry.
٢٠٢٦-٠٤-١٢T٢١:٣٧:٣٧.٠٥٨-0700 [DEBUG] [org.gradle.cache.internal.DefaultFileLockManager] Lock acquired on daemon addresses registry.
٢٠٢٦-٠٤-١٢T٢١:٣٧:٣٧.٠٥٨-0700 [DEBUG] [org.gradle.cache.internal.DefaultFileLockManager] Releasing lock on daemon addresses registry.
٢٠٢٦-٠٤-١٢T٢١:٣٧:٣٧.٠٦٢-0700 [DEBUG] [org.gradle.cache.internal.DefaultFileLockManager] Waiting to acquire shared lock on daemon addresses registry.
٢٠٢٦-٠٤-١٢T٢١:٣٧:٣٧.٠٦٣-0700 [DEBUG] [org.gradle.cache.internal.DefaultFileLockManager] Lock acquired on daemon addresses registry.
٢٠٢٦-٠٤-١٢T٢١:٣٧:٣٧.٠٦٣-0700 [DEBUG] [org.gradle.cache.internal.DefaultFileLockManager] Releasing lock on daemon addresses registry.
٢٠٢٦-٠٤-١٢T٢١:٣٧:٣٧.٠٦٥-0700 [DEBUG] [org.gradle.cache.internal.DefaultFileLockManager] Waiting to acquire shared lock on daemon addresses registry.
٢٠٢٦-٠٤-١٢T٢١:٣٧:٣٧.٠٦٥-0700 [DEBUG] [org.gradle.cache.internal.DefaultFileLockManager] Lock acquired on daemon addresses registry.
٢٠٢٦-٠٤-١٢T٢١:٣٧:٣٧.٠٦٦-0700 [DEBUG] [org.gradle.cache.internal.DefaultFileLockManager] Releasing lock on daemon addresses registry.
٢٠٢٦-٠٤-١٢T٢١:٣٧:٤٧.٠٥٨-0700 [DEBUG] [org.gradle.cache.internal.DefaultFileLockManager] Waiting to acquire shared lock on daemon addresses registry.
٢٠٢٦-٠٤-١٢T٢١:٣٧:٤٧.٠٥٩-0700 [DEBUG] [org.gradle.cache.internal.DefaultFileLockManager] Lock acquired on daemon addresses registry.
٢٠٢٦-٠٤-١٢T٢١:٣٧:٤٧.٠٦٠-0700 [DEBUG] [org.gradle.cache.internal.DefaultFileLockManager] Releasing lock on daemon addresses registry.
٢٠٢٦-٠٤-١٢T٢١:٣٧:٤٧.٠٦٣-0700 [DEBUG] [org.gradle.cache.internal.DefaultFileLockManager] Waiting to acquire shared lock on daemon addresses registry.
٢٠٢٦-٠٤-١٢T٢١:٣٧:٤٧.٠٦٤-0700 [DEBUG] [org.gradle.cache.internal.DefaultFileLockManager] Lock acquired on daemon addresses registry.
٢٠٢٦-٠٤-١٢T٢١:٣٧:٤٧.٠٦٥-0700 [DEBUG] [org.gradle.cache.internal.DefaultFileLockManager] Releasing lock on daemon addresses registry.
٢٠٢٦-٠٤-١٢T٢١:٣٧:٤٧.٠٦٧-0700 [DEBUG] [org.gradle.cache.internal.DefaultFileLockManager] Waiting to acquire shared lock on daemon addresses registry.
٢٠٢٦-٠٤-١٢T٢١:٣٧:٤٧.٠٦٨-0700 [DEBUG] [org.gradle.cache.internal.DefaultFileLockManager] Lock acquired on daemon addresses registry.
٢٠٢٦-٠٤-١٢T٢١:٣٧:٤٧.٠٦٩-0700 [DEBUG] [org.gradle.cache.internal.DefaultFileLockManager] Releasing lock on daemon addresses registry.
٢٠٢٦-٠٤-١٢T٢١:٣٧:٥٧.٠٥٣-0700 [DEBUG] [org.gradle.cache.internal.DefaultFileLockManager] Waiting to acquire shared lock on daemon addresses registry.
٢٠٢٦-٠٤-١٢T٢١:٣٧:٥٧.٠٥٣-0700 [DEBUG] [org.gradle.cache.internal.DefaultFileLockManager] Lock acquired on daemon addresses registry.
٢٠٢٦-٠٤-١٢T٢١:٣٧:٥٧.٠٥٤-0700 [DEBUG] [org.gradle.cache.internal.DefaultFileLockManager] Releasing lock on daemon addresses registry.
٢٠٢٦-٠٤-١٢T٢١:٣٧:٥٧.٠٥٥-0700 [DEBUG] [org.gradle.cache.internal.DefaultFileLockManager] Waiting to acquire shared lock on daemon addresses registry.
٢٠٢٦-٠٤-١٢T٢١:٣٧:٥٧.٠٥٥-0700 [DEBUG] [org.gradle.cache.internal.DefaultFileLockManager] Lock acquired on daemon addresses registry.
٢٠٢٦-٠٤-١٢T٢١:٣٧:٥٧.٠٥٥-0700 [DEBUG] [org.gradle.cache.internal.DefaultFileLockManager] Releasing lock on daemon addresses registry.
٢٠٢٦-٠٤-١٢T٢١:٣٧:٥٧.٠٥٦-0700 [DEBUG] [org.gradle.cache.internal.DefaultFileLockManager] Waiting to acquire shared lock on daemon addresses registry.
٢٠٢٦-٠٤-١٢T٢١:٣٧:٥٧.٠٥٦-0700 [DEBUG] [org.gradle.cache.internal.DefaultFileLockManager] Lock acquired on daemon addresses registry.
٢٠٢٦-٠٤-١٢T٢١:٣٧:٥٧.٠٥٧-0700 [DEBUG] [org.gradle.cache.internal.DefaultFileLockManager] Releasing lock on daemon addresses registry.
٢٠٢٦-٠٤-١٢T٢١:٣٨:٠٧.٠٦٢-0700 [DEBUG] [org.gradle.cache.internal.DefaultFileLockManager] Waiting to acquire shared lock on daemon addresses registry.
٢٠٢٦-٠٤-١٢T٢١:٣٨:٠٧.٠٦٣-0700 [DEBUG] [org.gradle.cache.internal.DefaultFileLockManager] Lock acquired on daemon addresses registry.
٢٠٢٦-٠٤-١٢T٢١:٣٨:٠٧.٠٦٤-0700 [DEBUG] [org.gradle.cache.internal.DefaultFileLockManager] Releasing lock on daemon addresses registry.
٢٠٢٦-٠٤-١٢T٢١:٣٨:٠٧.٠٦٦-0700 [DEBUG] [org.gradle.cache.internal.DefaultFileLockManager] Waiting to acquire shared lock on daemon addresses registry.
٢٠٢٦-٠٤-١٢T٢١:٣٨:٠٧.٠٦٧-0700 [DEBUG] [org.gradle.cache.internal.DefaultFileLockManager] Lock acquired on daemon addresses registry.
٢٠٢٦-٠٤-١٢T٢١:٣٨:٠٧.٠٦٧-0700 [DEBUG] [org.gradle.cache.internal.DefaultFileLockManager] Releasing lock on daemon addresses registry.
٢٠٢٦-٠٤-١٢T٢١:٣٨:٠٧.٠٦٨-0700 [DEBUG] [org.gradle.cache.internal.DefaultFileLockManager] Waiting to acquire shared lock on daemon addresses registry.
٢٠٢٦-٠٤-١٢T٢١:٣٨:٠٧.٠٦٨-0700 [DEBUG] [org.gradle.cache.internal.DefaultFileLockManager] Lock acquired on daemon addresses registry.
٢٠٢٦-٠٤-١٢T٢١:٣٨:٠٧.٠٦٩-0700 [DEBUG] [org.gradle.cache.internal.DefaultFileLockManager] Releasing lock on daemon addresses registry.
٢٠٢٦-٠٤-١٢T٢١:٣٨:١٧.٠٥٦-0700 [DEBUG] [org.gradle.cache.internal.DefaultFileLockManager] Waiting to acquire shared lock on daemon addresses registry.
٢٠٢٦-٠٤-١٢T٢١:٣٨:١٧.٠٥٦-0700 [DEBUG] [org.gradle.cache.internal.DefaultFileLockManager] Lock acquired on daemon addresses registry.
٢٠٢٦-٠٤-١٢T٢١:٣٨:١٧.٠٥٧-0700 [DEBUG] [org.gradle.cache.internal.DefaultFileLockManager] Releasing lock on daemon addresses registry.
٢٠٢٦-٠٤-١٢T٢١:٣٨:١٧.٠٥٧-0700 [DEBUG] [org.gradle.cache.internal.DefaultFileLockManager] Waiting to acquire shared lock on daemon addresses registry.
٢٠٢٦-٠٤-١٢T٢١:٣٨:١٧.٠٥٨-0700 [DEBUG] [org.gradle.cache.internal.DefaultFileLockManager] Lock acquired on daemon addresses registry.
٢٠٢٦-٠٤-١٢T٢١:٣٨:١٧.٠٥٨-0700 [DEBUG] [org.gradle.cache.internal.DefaultFileLockManager] Releasing lock on daemon addresses registry.
٢٠٢٦-٠٤-١٢T٢١:٣٨:١٧.٠٥٩-0700 [DEBUG] [org.gradle.cache.internal.DefaultFileLockManager] Waiting to acquire shared lock on daemon addresses registry.
٢٠٢٦-٠٤-١٢T٢١:٣٨:١٧.٠٥٩-0700 [DEBUG] [org.gradle.cache.internal.DefaultFileLockManager] Lock acquired on daemon addresses registry.
٢٠٢٦-٠٤-١٢T٢١:٣٨:١٧.٠٥٩-0700 [DEBUG] [org.gradle.cache.internal.DefaultFileLockManager] Releasing lock on daemon addresses registry.
٢٠٢٦-٠٤-١٢T٢١:٣٨:٢٧.٠٦٠-0700 [DEBUG] [org.gradle.cache.internal.DefaultFileLockManager] Waiting to acquire shared lock on daemon addresses registry.
٢٠٢٦-٠٤-١٢T٢١:٣٨:٢٧.٠٦١-0700 [DEBUG] [org.gradle.cache.internal.DefaultFileLockManager] Lock acquired on daemon addresses registry.
٢٠٢٦-٠٤-١٢T٢١:٣٨:٢٧.٠٦١-0700 [DEBUG] [org.gradle.cache.internal.DefaultFileLockManager] Releasing lock on daemon addresses registry.
٢٠٢٦-٠٤-١٢T٢١:٣٨:٢٧.٠٦٣-0700 [DEBUG] [org.gradle.cache.internal.DefaultFileLockManager] Waiting to acquire shared lock on daemon addresses registry.
٢٠٢٦-٠٤-١٢T٢١:٣٨:٢٧.٠٦٤-0700 [DEBUG] [org.gradle.cache.internal.DefaultFileLockManager] Lock acquired on daemon addresses registry.
٢٠٢٦-٠٤-١٢T٢١:٣٨:٢٧.٠٦٤-0700 [DEBUG] [org.gradle.cache.internal.DefaultFileLockManager] Releasing lock on daemon addresses registry.
٢٠٢٦-٠٤-١٢T٢١:٣٨:٢٧.٠٦٥-0700 [WARN] [org.gradle.launcher.daemon.server.DaemonRegistryUnavailableExpirationStrategy] Daemon registry D:\My-app\android\eas-cli\daemon became unreadable. Expiring daemon.
٢٠٢٦-٠٤-١٢T٢١:٣٨:٢٧.٠٦٦-0700 [DEBUG] [org.gradle.launcher.daemon.server.DaemonRegistryUpdater] Storing daemon stop event: after the daemon registry became unreadable
٢٠٢٦-٠٤-١٢T٢١:٣٨:٢٧.٠٦٩-0700 [DEBUG] [org.gradle.launcher.daemon.registry.PersistentDaemonRegistry] Storing daemon stop event with timestamp 1776055107057
٢٠٢٦-٠٤-١٢T٢١:٣٨:٢٧.٠٧٢-0700 [DEBUG] [org.gradle.cache.internal.DefaultFileLockManager] Waiting to acquire exclusive lock on daemon addresses registry.
٢٠٢٦-٠٤-١٢T٢١:٣٨:٢٧.٠٧٣-0700 [DEBUG] [org.gradle.cache.internal.DefaultFileLockManager] Lock acquired on daemon addresses registry.
٢٠٢٦-٠٤-١٢T٢١:٣٨:٢٧.٠٧٣-0700 [DEBUG] [org.gradle.cache.internal.DefaultFileLockManager] Releasing lock on daemon addresses registry.
٢٠٢٦-٠٤-١٢T٢١:٣٨:٢٧.٠٩٧-0700 [DEBUG] [org.gradle.cache.internal.DefaultFileLockManager] Waiting to acquire exclusive lock on daemon addresses registry.
٢٠٢٦-٠٤-١٢T٢١:٣٨:٢٧.٠٩٨-0700 [DEBUG] [org.gradle.cache.internal.DefaultFileLockManager] Lock acquired on daemon addresses registry.
٢٠٢٦-٠٤-١٢T٢١:٣٨:٢٧.١٠٠-0700 [DEBUG] [org.gradle.cache.internal.DefaultFileLockManager] Releasing lock on daemon addresses registry.
٢٠٢٦-٠٤-١٢T٢١:٣٨:٢٧.١٠١-0700 [LIFECYCLE] [org.gradle.launcher.daemon.server.DaemonStateCoordinator] Daemon will be stopped at the end of the build after the daemon registry became unreadable
٢٠٢٦-٠٤-١٢T٢١:٣٨:٢٧.١٠١-0700 [DEBUG] [org.gradle.launcher.daemon.server.DaemonStateCoordinator] Marking daemon stopped due to after the daemon registry became unreadable. The daemon is not running a build
٢٠٢٦-٠٤-١٢T٢١:٣٨:٢٧.١٠١-0700 [DEBUG] [org.gradle.launcher.daemon.server.DaemonStateCoordinator] daemon has stopped.
٢٠٢٦-٠٤-١٢T٢١:٣٨:٢٧.١٠٣-0700 [DEBUG] [org.gradle.launcher.daemon.server.Daemon] stop() called on daemon
٢٠٢٦-٠٤-١٢T٢١:٣٨:٢٧.١٠٣-0700 [INFO] [org.gradle.launcher.daemon.server.Daemon] Stop requested. Daemon is removing its presence from the registry...
٢٠٢٦-٠٤-١٢T٢١:٣٨:٢٧.١٠٤-0700 [DEBUG] [org.gradle.launcher.daemon.server.DaemonRegistryUpdater] Removing our presence to clients, eg. removing this address from the registry: [11d2ccea-a3e6-489d-a525-ed098fe203c2 port:61337, addresses:[localhost/127.0.0.1]]
٢٠٢٦-٠٤-١٢T٢١:٣٨:٢٧.١٠٥-0700 [DEBUG] [org.gradle.launcher.daemon.registry.PersistentDaemonRegistry] Removing daemon address: [11d2ccea-a3e6-489d-a525-ed098fe203c2 port:61337, addresses:[localhost/127.0.0.1]]
٢٠٢٦-٠٤-١٢T٢١:٣٨:٢٧.١٢٦-0700 [DEBUG] [org.gradle.cache.internal.DefaultFileLockManager] Waiting to acquire exclusive lock on daemon addresses registry.
٢٠٢٦-٠٤-١٢T٢١:٣٨:٢٧.١٢٦-0700 [DEBUG] [org.gradle.cache.internal.DefaultFileLockManager] Lock acquired on daemon addresses registry.
٢٠٢٦-٠٤-١٢T٢١:٣٨:٢٧.١٤١-0700 [DEBUG] [org.gradle.cache.internal.DefaultFileLockManager] Releasing lock on daemon addresses registry.
٢٠٢٦-٠٤-١٢T٢١:٣٨:٢٧.١٤١-0700 [DEBUG] [org.gradle.launcher.daemon.server.DaemonRegistryUpdater] Address removed from registry.
٢٠٢٦-٠٤-١٢T٢١:٣٨:٢٧.١٤٣-0700 [DEBUG] [org.gradle.cache.internal.DefaultCacheCoordinator] Cache jars (D:\My-app\android\eas-cli\caches\jars-9) was closed 0 times.
٢٠٢٦-٠٤-١٢T٢١:٣٨:٢٧.١٤٣-0700 [DEBUG] [org.gradle.internal.watch.vfs.impl.WatchingVirtualFileSystem] Closing VFS, dropping state
٢٠٢٦-٠٤-١٢T٢١:٣٨:٢٧.١٤٥-0700 [DEBUG] [org.gradle.cache.internal.DefaultCacheCoordinator] Cache Generated Gradle JARs cache (D:\My-app\android\eas-cli\caches\8.13\generated-gradle-jars) was closed 0 times.
٢٠٢٦-٠٤-١٢T٢١:٣٨:٢٧.١٤٥-0700 [DEBUG] [org.gradle.internal.watch.registry.impl.DefaultFileWatcherRegistry] Finished listening to file system change events
٢٠٢٦-٠٤-١٢T٢١:٣٨:٢٧.١٤٥-0700 [DEBUG] [org.gradle.cache.internal.LockOnDemandCrossProcessCacheAccess] Releasing file lock for artifact cache (D:\My-app\android\eas-cli\caches\modules-2)
٢٠٢٦-٠٤-١٢T٢١:٣٨:٢٧.١٤٦-0700 [DEBUG] [org.gradle.cache.internal.DefaultFileLockManager] Releasing lock on artifact cache (D:\My-app\android\eas-cli\caches\modules-2).
٢٠٢٦-٠٤-١٢T٢١:٣٨:٢٧.١٤٧-0700 [DEBUG] [org.gradle.cache.internal.DefaultCacheCoordinator] Cache groovy-dsl (D:\My-app\android\eas-cli\caches\8.13\groovy-dsl) was closed 0 times.
٢٠٢٦-٠٤-١٢T٢١:٣٨:٢٧.١٤٧-0700 [DEBUG] [org.gradle.cache.internal.LockOnDemandCrossProcessCacheAccess] Releasing file lock for journal cache (D:\My-app\android\eas-cli\caches\journal-1)
٢٠٢٦-٠٤-١٢T٢١:٣٨:٢٧.١٤٧-0700 [DEBUG] [org.gradle.cache.internal.btree.BTreePersistentIndexedCache] Closing cache file-access.bin (D:\My-app\android\eas-cli\caches\journal-1\file-access.bin)
٢٠٢٦-٠٤-١٢T٢١:٣٨:٢٧.١٤٨-0700 [DEBUG] [org.gradle.cache.internal.DefaultFileLockManager] Releasing lock on journal cache (D:\My-app\android\eas-cli\caches\journal-1).
٢٠٢٦-٠٤-١٢T٢١:٣٨:٢٧.١٤٨-0700 [DEBUG] [org.gradle.cache.internal.LockOnDemandCrossProcessCacheAccess] Releasing file lock for file hash cache (D:\My-app\android\eas-cli\caches\8.13\fileHashes)
٢٠٢٦-٠٤-١٢T٢١:٣٨:٢٧.١٤٨-0700 [DEBUG] [org.gradle.cache.internal.DefaultFileLockManager] Releasing lock on file hash cache (D:\My-app\android\eas-cli\caches\8.13\fileHashes).
٢٠٢٦-٠٤-١٢T٢١:٣٨:٢٧.١٥٠-0700 [DEBUG] [org.gradle.internal.operations.DefaultBuildOperationRunner] Build operation 'Deleting unused version-specific caches in D:\My-app\android\eas-cli\caches' started
٢٠٢٦-٠٤-١٢T٢١:٣٨:٢٧.١٥٠-0700 [DEBUG] [org.gradle.internal.operations.DefaultBuildOperationRunner] Completing Build operation 'Deleting unused version-specific caches in D:\My-app\android\eas-cli\caches'
٢٠٢٦-٠٤-١٢T٢١:٣٨:٢٧.١٥٠-0700 [DEBUG] [org.gradle.internal.operations.DefaultBuildOperationRunner] Build operation 'Deleting unused version-specific caches in D:\My-app\android\eas-cli\caches' completed
٢٠٢٦-٠٤-١٢T٢١:٣٨:٢٧.١٥٠-0700 [DEBUG] [org.gradle.launcher.daemon.server.Daemon] stop() called on daemon
٢٠٢٦-٠٤-١٢T٢١:٣٨:٢٧.١٥٠-0700 [INFO] [org.gradle.launcher.daemon.server.Daemon] Stop requested. Daemon is removing its presence from the registry...
٢٠٢٦-٠٤-١٢T٢١:٣٨:٢٧.١٥٠-0700 [DEBUG] [org.gradle.launcher.daemon.server.DaemonRegistryUpdater] Removing our presence to clients, eg. removing this address from the registry: [11d2ccea-a3e6-489d-a525-ed098fe203c2 port:61337, addresses:[localhost/127.0.0.1]]
٢٠٢٦-٠٤-١٢T٢١:٣٨:٢٧.١٥٠-0700 [DEBUG] [org.gradle.launcher.daemon.registry.PersistentDaemonRegistry] Removing daemon address: [11d2ccea-a3e6-489d-a525-ed098fe203c2 port:61337, addresses:[localhost/127.0.0.1]]
٢٠٢٦-٠٤-١٢T٢١:٣٨:٢٧.١٥٦-0700 [DEBUG] [org.gradle.cache.internal.DefaultFileLockManager] Waiting to acquire exclusive lock on daemon addresses registry.
٢٠٢٦-٠٤-١٢T٢١:٣٨:٢٧.١٥٧-0700 [DEBUG] [org.gradle.cache.internal.DefaultFileLockManager] Lock acquired on daemon addresses registry.
٢٠٢٦-٠٤-١٢T٢١:٣٨:٢٧.١٥٨-0700 [DEBUG] [org.gradle.cache.internal.DefaultFileLockManager] Releasing lock on daemon addresses registry.
٢٠٢٦-٠٤-١٢T٢١:٣٨:٢٧.١٥٩-0700 [DEBUG] [org.gradle.launcher.daemon.server.DaemonRegistryUpdater] Address removed from registry.
٢٠٢٦-٠٤-١٢T٢١:٣٨:٢٧.١٥٩-0700 [DEBUG] [org.gradle.cache.internal.locklistener.DefaultFileLockContentionHandler] File lock listener thread completed.
Daemon vm is shutting down... The daemon has exited normally or was terminated in response to a user interrupt.
٢٠٢٦-٠٤-١٢T٢١:٣٨:٢٧.١٦٢-0700 [DEBUG] [org.gradle.launcher.daemon.registry.PersistentDaemonRegistry] Removing daemon address: [11d2ccea-a3e6-489d-a525-ed098fe203c2 port:61337, addresses:[localhost/127.0.0.1]]
٢٠٢٦-٠٤-١٢T٢١:٣٨:٢٧.١٦٣-0700 [DEBUG] [org.gradle.launcher.daemon.server.Daemon] VM shutdown hook was unable to remove the daemon address from the registry. It will be cleaned up later.
java.lang.IllegalStateException: Cannot start managing file contention because this handler has been closed.
	at org.gradle.cache.internal.locklistener.DefaultFileLockContentionHandler.assertNotStopped(DefaultFileLockContentionHandler.java:248)
	at org.gradle.cache.internal.locklistener.DefaultFileLockContentionHandler.reservePort(DefaultFileLockContentionHandler.java:286)
	at org.gradle.cache.internal.DefaultFileLockManager.lock(DefaultFileLockManager.java:124)
	at org.gradle.cache.internal.DefaultFileLockManager.lock(DefaultFileLockManager.java:106)
	at org.gradle.cache.internal.DefaultFileLockManager.lock(DefaultFileLockManager.java:101)
	at org.gradle.cache.internal.OnDemandFileAccess.updateFile(OnDemandFileAccess.java:51)
	at org.gradle.cache.internal.FileBackedObjectHolder.update(FileBackedObjectHolder.java:77)
	at org.gradle.cache.internal.FileIntegrityViolationSuppressingObjectHolderDecorator.lambda$update$0(FileIntegrityViolationSuppressingObjectHolderDecorator.java:48)
	at org.gradle.cache.internal.FileIntegrityViolationSuppressingObjectHolderDecorator.doUpdate(FileIntegrityViolationSuppressingObjectHolderDecorator.java:58)
	at org.gradle.cache.internal.FileIntegrityViolationSuppressingObjectHolderDecorator.update(FileIntegrityViolationSuppressingObjectHolderDecorator.java:48)
	at org.gradle.launcher.daemon.registry.PersistentDaemonRegistry.remove(PersistentDaemonRegistry.java:133)
	at org.gradle.launcher.daemon.server.Daemon$1.run(Daemon.java:133)
	at java.base/java.lang.Thread.run(Thread.java:833)
